atclNm,flrInfo,rentPrc,spc1,spc2,lat,lng,atclFetrDesc,toilet,station,parking
OR,2,70,25,23,37.548342,127.046468,"뚝섬역 도보 3분, 컨디션 좋은 풀옵션 원룸",1,1,0
VL,2,35,30,22.84,37.552341,127.029985,올수리 깨끗함,0,0,1
OR,1,50,50,33,37.561471,127.054653,풀옵션의 깔끔한 분리형 원룸 더블 역세권으로 교통편리,0,1,0
OR,2,25,50,23.1,37.561471,127.054653,풀옵션의 깔끔한 분리형 원룸 더블 역세권으로 교통편리,0,1,0
DDDGG,1,60,37,37.35,37.537809,127.055521,투룸. 풀옵션. 수리된. 컨디션우수,0,0,1
DDDGG,1,60,23,20,37.544543,127.050563,"내부컨디션 깔끔한 분리형 원룸, 풀옵션",0,1,0
DDDGG,2,70,-,23,37.548342,127.046468,뚝섬역 초역세권 분리형 원룸 풀옵션,0,1,0
DDDGG,3,55,19,19,37.551234,127.045418,"뚝섬역7분거리, 3층, 오픈형원룸, 풀옵션,4월14일이후,직장인,한양대생",0,1,0
OR,2,70,20,20,37.542166,127.047105,서울숲 맞은편 새촌 저렴한 월세 분당선 이용편리 더블역세권,0,1,1
DDDGG,B1,55,40,40,37.548281,127.046287,"뚝섬역 초역세권, 수리되어 깨끗한집, 방2개, 도배장판완료",0,1,0
DDDGG,3,55,19,19.83,37.551234,127.045418,내부 넓고 깨끗한 풀옵션 원룸 ,0,1,0
OR,3,50,23,23.14,37.536861,127.050765,"성수동 저렴한 월세, 넓직한 원룸, 주방 분리형 원룸",1,0,0
OR,3,55,-,20,37.551234,127.045418,내부 넓고 깨끗한 풀옵션 원룸 밝은 집,0,1,0
OR,B1,60,26,26.44,37.562444,127.042052,채광되는 미니멀 투룸,0,1,0
VL,B1,35,30,22.84,37.552341,127.029985,올수리 깨끗,0,0,1
OR,4,55,19,16.53,37.536906,127.055638,"사진O 성수동 엘베O 풀옵션 원룸형,실5",1,0,0
DDDGG,2,55,17,17,37.556268,127.041601," 한양대정문 도보 3분, 리모델링 컨디션 좋음, 주택가 위치 조용합니다.",0,1,0
OR,4,45,15,15,37.558331,127.040211,왕십리역 역세권 한양대인접 풀옵션원룸 즉시입주,0,1,0
DDDGG,1,60,33,33,37.537809,127.055521,즉시입주. 수리된 2룸 월세,0,0,0
OR,2,35,124,17.9,37.563771,127.039048,왕십리역 도보5분거리 조용한 원룸입니다.,0,1,0
OPST,4,60,25,15.62,37.567407,127.045813,대로변 초역세권 복층 오피스텔,0,1,0
OR,8,66,19,19.76,37.563635,127.030671,5월입주 대로변 엘베O 고층뷰 전입x 레지던스,0,1,1
OR,4,55,20,17,37.565557,127.030744,상왕십리역 인근 풀옵션 원룸,0,1,0
DDDGG,6,50,33,33,37.567735,127.035215,거실도있는 분리형원룸 풀옵션 저렴한월세,0,0,1
DDDGG,3,70,27,27,37.565557,127.030744,즉시입주 가능한 전용넓은 원룸입니다,0,1,1
DDDGG,2,50,17,17,37.563896,127.039992,"왕십리역세권, 조용한 주택가, 깨끗한 풀옵션 원룸 ",0,1,0
OR,2,50,14,14.87,37.563896,127.039992,,1,1,0
OR,B1,35,19,19.83,37.564283,127.040484,사이즈 정말좋은 깨끗한 풀옵션,0,1,0
OR,1,50,16,16.52,37.564646,127.038897,즉시입주가능한 풀옵션,0,1,0
OR,2,60,270,19.83,37.566629,127.034902,도선사거리 인접 컨디션좋은 풀옵션원룸 즉시입주,1,0,0
APT,2,45,139,114.46,37.568214,127.031981,방2개 월세  화장실단독사용 여성분만가능 주차가능,0,0,0
OR,4,55,18,18.25,37.565557,127.030744,즉시입주가능 저렴한 오픈형 풀옵션,0,1,1
OR,1,25,33,21,37.563012,127.044494,통풍 잘 되고 햇빛이 잘 들어 쾌적한 2층 원룸,0,0,1
DDDGG,1,40,33,33.05,37.567885,127.035843,2층 방1칸 분리형 원룸 옵션x,0,0,0
OR,2,30,10,10,37.563538,127.030482,풀옵션 원룸,1,1,0
OPST,6,70,47,24.84,37.565189,127.03674,왕십리초역세권 도보3분 성동구청 바로옆 빠른 입주협의,0,1,1
OR,3,65,18,13.81,37.563626,127.040083,왕십리역 역세권 넓고 채광좋은 풀옵션원룸,1,1,0
OR,3,70,25,25.25,37.565557,127.030744,즉시입주 8P넓은 원룸 풀옵션 남향세대 공동보안,1,1,0
DDDGG,4,60,-,11.6,37.567531,127.0456,"마장역,답십리역5호선 신답역2호석 더블 역세권 원룸 즉시입주",1,1,0
DDDGG,1,50,58,34.66,37.569326,127.033743,도배장판 해드립니다 층간소음없는집,0,0,1
DDDGG,B1,40,45,17.02,37.565735,127.033513,홍익동 넓은 다가구 1.5룸,0,0,1
OPST,14,63,44,21.9,37.559906,127.069378,"중랑천고층뷰,저렴한월세 장한평역서희스타힐스오피스텔",0,1,1
OPST,5,70,55,23.73,37.560731,127.065465,장한평역 초역세권 전입 가능한 풀옵션 신축급 오피스텔 부라다,0,1,0
OR,1,30,16,16.53,37.535879,127.059636,"삼정 실5, 깔끔한 1층 원룸",0,0,1
OR,B1,38,21,21.69,37.548881,127.067075,"화양사거리 위치, 즉시입주가능, 풀옵션 반지층 분리형 원룸",0,0,0
DDDGG,B1,50,24,21.49,37.553671,126.9401,"주방분리형원룸, 풀옵션, 신촌역 도보6분, 버스정류장 도보 6분, 이마트",0,1,0
OR,2,60,19,19.8,37.565038,126.924926,O 신축급 O 연남동 조용한 주택가 O ,1,0,1
OR,2,60,18,17,37.565038,126.924926,가성비 좋은 연남동 수리한 원룸 ,0,0,1
OR,4,46,26,24,37.563012,126.926085,O 옥탑 옥상단독사용 O 깔끔한 분리형 O 기본옵션 O,0,0,0
OR,2,55,33,23.14,37.544241,127.084427,"풀옵션 원룸, 어린이대공원 인근",1,0,0
OR,3,47,15,12,37.538407,127.079864,핫한월세  풀옵션   월세에모든공과금포함요금  건대생에인기,1,0,0
DDDGG,B1,45,29,29.7,37.543875,127.089159,깔끔하고 넓은 풀옵션 통원룸,1,0,0
DDDGG,3,45,17,17.5,37.555347,127.079824,"군자역 초역세권 원룸, 옥상이용가능",0,1,0
OR,5,50,17,17.97,37.555768,127.079246,"지하철군자역 도보1분 교통편리, 5호선,7호선 출퇴근직장인 적합",1,1,0
OR,4,60,31,20,37.537677,127.085115,"리모델링한 신축급 풀옵션 원룸, 구의역 1분",0,1,0
DDDGG,1,55,164,22,37.537757,127.067473,올수리2년차 보증금최소월세 대출없음,0,1,0
DDDGG,3,60,10,10.08,37.539191,127.065127,"옥상 단독 사용, 풀옵션 공간 활용 좋은 원룸",0,1,0
OR,B1,30,17,17,37.537696,127.064466,건대입구역세권 도보8분 깔끔한 풀옵션 원룸,0,0,1
OR,2,50,19,16,37.538448,127.093432,풀옵션 남향 밝고 깨끗 초역세권 즉시입주가능,1,1,0
DDDGG,3,29,55,11.56,37.571071,127.080557,중곡동 깔끔한 풀옵션 원룸,0,0,0
OR,B1,30,23,22,37.531167,127.078616,,1,0,1
OR,B1,35,25,23,37.52506,126.853333,신정역2분 풀옵션 빠른입주가능,0,1,1
DDDGG,1,40,35,30,37.523038,126.850488,"신정네거리역,신정역 풀옵션1.5룸 주차가능 단기임대",0,1,0
DDDGG,3,40,31,31,37.518012,126.842758,"상태깨끗,이사협의,생활편리,교통이용편리",0,0,1
DDDGG,1,35,39,34.6,37.519834,126.849902,방2화1 지하철도보이용 도배.장판.씽크대 수리함. 방넓고 주방공간있어요,0,1,0
DDDGG,1,40,39,34.6,37.519834,126.849902,방2화1베1 저렴한지상층 주방공간O 지하철도보이용 연식대비깔끔 언덕위치함,0,1,0
DDDGG,B1,30,104,23,37.52194,126.849647,신정네거리역세권. 계단없는 지층. 방1.화1. 상태깨끗해요,1,1,0
DDDGG,B1,35,25,25,37.52194,126.849647,계단없음 지층임1층같음 방 주방 크고 깨끗함 즉시입주 신정네거리역5분,0,1,1
DDDGG,4,35,32,30,37.519244,126.854831,"전철3분,신서학군,즉시입주,공원앞",0,1,1
DDDGG,3,60,32,32.68,37.521049,126.854274,올수리 투룸 옥상마당 사용가능 사무실 공방 등 사용가능,0,0,0
DDDGG,1,35,35,35,37.520162,126.850106,"깔끔수리 함,즉시입주,전철5분",0,1,0
DDDGG,4,25,9,9.9,37.519564,126.850667,"분리형 원룸, 풀옵션, 옥상 마당 사용 가능한 옥탑",0,1,0
DDDGG,5,40,35,20,37.524496,126.851967,역세권 I 대로변 1.5룸 월세 I 설명란 확인,0,1,1
DDDGG,B1,35,39,39.1,37.519834,126.849902,"도배장판,싱크대,변기교체. 지하철역인접. 계단없는바닥1층",0,1,0
DDDGG,B1,25,31,31,37.517218,126.849807,즉시입주가 계단없는 지층 에어컨 가스렌지있음 상태 양호,0,1,1
VL,1,40,38,38.26,37.519335,126.848704,보증금 조정가능 진입이 편리하며 거주자 우선주차지역 방 오전만 볼수있음,0,0,1
DDDGG,1,40,39,39.1,37.519834,126.849902,"싱크대,변기,벽지,바닥교체. 지하철역인접.보일러실 넓어요. 1.5층",0,1,0
OR,B1,30,25,17,37.545565,126.874293,"염창역도보2분,풀옵션",1,1,0
OR,1,30,13,12.4,37.533452,126.865459,목사거리인근 신축급 올수리 여성전용 원룸,0,0,0
OR,B1,30,23,18.18,37.545565,126.874293,염창역 최저가 풀옵션 관리 잘해서 깔끔한 원룸,0,1,0
VL,3,47,19,15.75,37.534834,126.866647,깔끔하고 실용적인 저렴한 원룸월세,1,0,0
DDDGG,5,40,32,10.08,37.533862,126.864318,주차가능.옥탑방전용면적9.넓음.풀옵션.옥상씀.큰도로옆안전,1,0,0
OR,5,41,17,11.67,37.550155,126.86598,,1,1,0
DDDGG,B1,40,35,35,37.533696,126.865138,조용한 주택가. 바닥층. 도배 등 수리되어깨끗. 대중교통이용편리,0,0,1
DDDGG,B1,40,39,35.6,37.533696,126.865138,올수리 깨끗한 방2,0,0,1
OR,5,41,17,11.67,37.550155,126.86598,등촌역 초역세권 보증금 저렴한 원룸,0,1,0
OR,5,41,17,11.67,37.550155,126.86598,"안전한 대로변위치,9호선 등촌역 깨끗한 풀옵션",0,1,0
VL,2,57,39,39.57,37.524506,126.862248,풀옵션 깔끔 채광좋은 바닥층 목동역4분 빌라형 다가구,0,1,0
DDDGG,2,35,9,9.92,37.527068,126.861904,목동역 단독주택에 있는 옥탑 입니다.,0,1,0
DDDGG,3,25,26,26.45,37.534563,126.824885,신월3동옥탑방,0,0,1
OR,5,42,-,23.14,37.534291,126.829007,"JS드림,대로변,복층,저렴한관리비",0,0,0
OR,6,44,-,23.14,37.534291,126.829007,"JS드림,대로변,복층,저렴한관리비",0,0,0
DDDGG,B1,40,33,33.16,37.54056,126.832364,신축수준으로 올수리 밝고 습기없는 반지층 방2,1,0,0
DDDGG,1,35,22,22.46,37.532368,126.825228,"신월사거리 8분,다가구 지상1층 방2,벽걸이에어컨 옵션,실면적 약7",0,0,0
OR,1,37,14,12,37.513309,126.945607,권리관계확실한 풀옵션전세원룸,0,1,0
OR,3,35,14,11,37.508466,126.946443,고시원가격의 가성비좋은 풀옵션원룸,0,0,1
OR,1,32,15,13,37.508769,126.947283,고시원가격의 풀옵션원룸,0,0,1
OR,B1,28,20,16,37.508613,126.947413,권리관계확실한 고시원가격의 풀옵션원룸입니다,1,0,0
OR,2,40,16,16,37.511081,126.947823,노량진 학원가부근 가격대비 방크고 채광과 통풍좋은 깨끗한 원룸,0,0,1
OR,1,28,16,13.22,37.502576,126.927457,,0,1,0
OR,2,55,20,18,37.508682,126.946478,대로변이고 동선이 안전한 창문이2개임,0,0,1
OR,1,37,18,18,37.511081,126.947823,방에 비해 정말 가격저렴하고 채광과 통풍좋은 깨끗한 원룸,0,0,0
OR,1,32,15,12,37.508376,126.946456,집주인이 관리를잘해주는 권리관계확실한 매물입니다,0,0,0
OR,4,47,15,13,37.50868,126.947534,2018년신축한 방음이뛰어난풀옵션원룸,0,0,1
OR,1,38,16,13.22,37.501832,126.92791,,0,1,0
OR,2,31,16,13.22,37.503334,126.933507,저렴한 원룸이 있다 깔끔한을 원한다면 한번 봅시다,0,1,0
OR,B1,34,19,16.5,37.509568,126.946013,저렴하고 화이트톤의 깨끗한 매물,1,0,0
OR,2,50,23,19.8,37.500102,126.933507,신대방삼거리역 1번출구 도보 3분 초역세권 저렴하고 깔끔한 원룸,0,1,1
OR,1,36,19,16.5,37.512204,126.936138,깔끔한 가성비 좋은 원룸풀옵션,0,1,0
OR,1,35,23,19.8,37.504562,126.935673,장승배기역 4번출구 도보 3분거리 초역세권 도배예정 깔끔한 원룸여기,0,1,0
OR,B1,32,19,16.52,37.503334,126.933507,장승배기역 도보 7분 역세권 풀옵션 가성비 좋은 원룸,0,1,0
OR,2,37,15,15,37.512401,126.946188,가성비최고 크기좋고 깨끗한 풀옵션 원룸,0,1,0
OR,1,40,19,16.52,37.501837,126.924584,보라매역 도보 8분 풀옵션 원룸,0,1,0
OR,2,40,19,16.52,37.511596,126.938471,노량진 학원가 인접 깔끔한방 ,0,1,0
OR,B1,35,19,16.52,37.501324,126.927407,신대방삼거리역 도보 3분 깔끔하고 가성비 좋은 원룸,0,1,0
OR,B1,42,19,16.52,37.501686,126.927859,신대방삼거리역 도보 4분 풀옵션 역세권 원룸,0,1,0
OR,1,38,19,16.52,37.502724,126.924984,가성비 끝판왕 풀옵션 원룸,0,0,0
OR,B1,40,19,16.52,37.501173,126.925904,신대방삼거리역 도보 4분 초역세권 풀옵션 원룸,0,1,0
OR,1,60,33,23.1,37.503738,126.951926,중앙대 초역세권 가장 넓은 원룸,0,0,0
OR,3,40,23,19.8,37.512297,126.935181,위치놓고깔끔한원룸,0,1,0
OR,3,58,23,19.8,37.512297,126.935181,위치놓고깔끔한원룸,0,1,0
OR,B1,35,19,16.52,37.500816,126.924228,보라매역 도보 5분 초역세권 풀옵션 원룸,0,1,0
OR,3,40,23,19.8,37.512297,126.935181,위치놓고깔끔한원룸,0,1,0
OR,B1,42,19,16.52,37.50054,126.924358,신대방삼거리역 보라매역 도보 5분거리 역세권 풀옵션 원룸,0,1,0
OR,2,40,19,16.5,37.510986,126.943759,컨디션 좋은 가성비 최고매물,0,1,0
OR,3,43,12,12,37.512498,126.946252,가성비굿 위치좋고 컨디션 좋은 리모델링 귀한 매물,0,1,0
OR,1,43,18,15,37.508682,126.946478,대로변이고 동선이 안전한 2018년신축된 방음이좋은원룸,0,0,0
OR,1,33,19,16.5,37.512204,126.936138,노량진에서 귀한 큰 원룸입니다,0,1,0
OR,2,44,22,12.47,37.508563,126.946556,실제면적 훨씬 넓고 앞이 틔여있어 채광좋고 깨끗한 도시형생활주택,0,0,1
OR,2,38,23,19.8,37.512443,126.936114,노량진에서 보기힘든 완전깔끔한 화이트톤원룸,0,1,0
OR,1,29,19,16.5,37.512535,126.934998,깔끔하고 저렴한 원룸 찾으시는분들,0,1,0
OR,1,30,16,13.2,37.511229,126.943678,저렴하고 위치좋은 원룸 찾으시나,0,1,0
OR,1,45,19,16.5,37.51119,126.938202,깔끔하고 단아한 원룸입니다,0,1,0
OR,2,45,18,17,37.512043,126.936445,깔끔한 풀옵션 원룸 월세 나왔습니다.,1,1,0
OR,1,29,19,16.5,37.512535,126.934998,깔끔하고 저렴한 원룸 찾으시는분들,0,1,0
OR,2,30,16,13.2,37.510126,126.939822,위치좋은 저렴한 노량진 원룸3,0,1,1
OR,2,36,19,16.5,37.511987,126.940915,깔끔하고 위치 좋은 원룸입니다,0,1,0
OR,1,46,19,17.5,37.508988,126.941266,깔끔한 원룸 찾으시는분 구경하세요,0,1,0
OR,B1,25,10,10,37.508563,126.946556,가격저렴하고 깨끗하며 노량진역 도보 10분거리,0,0,1
OR,2,40,20,17,37.509783,126.945991,풀옵션 깨끗한 원룸 매물 나왔습니다.,1,0,0
OR,2,48,19,16.5,37.511596,126.938471,위치좋은깔끔한원룸입니다,0,1,0
OR,2,29,23,19.8,37.51251,126.935118,가성비최고 원룸,0,1,0
OR,3,37,17,15.4,37.512337,126.936131,"진짜 깔끔한 꿀매물,  가격도 저렴해요",0,1,0
OR,2,43,19,16.5,37.511596,126.938471,위치좋은깔끔한원룸입니다,0,1,0
OR,3,43,19,16.5,37.509735,126.941879,저렴한가격에 신축느낌나는 원룸,1,0,0
OR,5,40,16,13.2,37.512109,126.943524,저렴하고 치안좋은 노량진 원룸,0,1,1
OR,2,45,19,19.8,37.512297,126.935181,깔끔하고 넓직한 원룸입니다.,0,1,0
OR,B1,35,16,16.5,37.508452,126.947329,저렴한 원룸입니다,1,0,1
OR,3,42,19,16.5,37.508384,126.947607,"노량진 깔끔하고 넓직한 원룸, 창고식 베란다도 있습니다",1,0,1
OR,4,47,15,15,37.512324,126.945657,위치굿 컨디션굿 풀옵션 크기좋은 가성비 원룸,0,1,0
OR,B1,37,19,16.5,37.509568,126.946013,저렴하고 화이트톤의 깨끗한 매물,1,0,0
OR,B1,40,19,16.5,37.512271,126.945745,위치좋은 노량진 원룸 입니다,0,1,0
OR,2,50,19,19.8,37.512648,126.937245,리모델링 깔끔하고 이쁜 공간 노량진역 큰대로변 초근접,0,1,0
OR,2,43,15,12,37.510208,126.945892,정남향으로 채광이 좋습니다,1,0,0
OR,B1,30,15,14,37.508613,126.947413,고시원가격의 풀옵션원룸,1,0,0
OR,2,37,15,13,37.508769,126.947283,신축으로 방이크고 방음이 좋은 풀옵션원룸,0,0,1
OR,B1,37,18,16,37.508775,126.94706,2016년신축한 방음이뛰어난풀옵션원룸,0,0,1
VL,3,45,20,16.24,37.511696,126.955595,귀한원룸  풀옵션원룸으로  입주협의,0,1,1
OR,2,33,22,15.03,37.501504,126.924261,더블역세권 대방동 원룸,1,1,0
OR,2,60,20,19,37.509296,126.931714,"방이 아주 크고,  깨끗하며 조용한 원룸",1,0,0
OR,B1,40,16,14.87,37.500476,126.926728,실제사진 O｜즉시입주 O｜학교 인근의 조용하고 깨끗한 분리형 원룸,0,1,0
OR,4,38,16,15.87,37.509783,126.945991,풀옵션 원룸,1,0,0
OR,2,52,23,17.5,37.501142,126.950621,"중앙대,숭실대 풀옵션 원룸",0,1,0
OR,1,30,20,19.83,37.501315,126.934875,장승배기역 도보7분 원룸치고 큰방큰방 보증금조절가능 빨리보세요,1,0,0
OR,2,40,29,18,37.510443,126.945963,학원가인접한 대로변 치안걱정없는집,1,0,0
DDDGG,1,50,32,29.32,37.510767,126.954717,노들역5분 방2 내부좋습니다,0,1,1
OR,2,33,22,21,37.501504,126.924261,위치 컨디션 퀄리티 가격 하나도 빼놓을게 없어요,0,1,0
OR,2,35,-,14.9,37.504099,126.948156,	O 상도역 역세권 깔끔한 풀옵션 원룸,0,1,0
VL,3,50,21,17.18,37.511696,126.955595,2014년식 풀옵션 원룸 내부좋습니다,0,1,1
OR,3,50,17,17.18,37.511696,126.955595,풀옵션으로 2013년식 내부좋습니다 빠른입주가능,0,1,1
OR,2,35,20,13.2,37.511765,126.955285,노들역3분 방1 옵션완벽 저렴한시세,0,1,1
OR,2,42,29,19.8,37.508982,126.945225,개방감있는 양창원룸 노량진역세권,1,0,0
OR,2,48,18,18,37.510443,126.945963,노량진.지상층저렴한방.위치좋아안전.편의점인근,1,0,0
OR,B1,50,19,16.5,37.50054,126.924358,실제사진O｜즉시 입주O｜현관보안O｜7호선 이용이 편리한 원룸,1,1,0
DDDGG,B1,45,23,23.1,37.511402,126.954329,방1크고  내부상태 깔끔 도배장판 새로함,0,1,1
OR,4,48,18,18,37.512087,126.940868,노량진역 도보 2분거리 위치굿 채광 통풍좋고 깨끗한원룸,0,1,0
OR,B1,37,25,19,37.501142,126.950621,상도역5분 중앙대 숭실대 치안굿 채광굿,0,1,0
OR,3,38,16,16,37.509749,126.945797,2개의 큰창으로 햇빛잘들고 통풍좋으며 조용하고 깨끗한 원룸,1,0,0
DDDGG,2,40,20,19.8,37.51077,126.955298,풀옵션으로 방 넓고 좋습니다 빠른입주,0,1,1
OR,3,55,14,14,37.505682,126.956051,중문 3분 풀옵션 원룸 평지 지상층,0,0,1
OR,1,38,26,16.5,37.508545,126.94638,실2층. 리모델링원룸. 깨끗하게 관리잘되는집.,0,0,0
OR,1,45,23,21,37.512337,126.936131,"진짜 깔끔한 꿀매물,  가격도 저렴해요",0,1,0
OR,2,40,22,20,37.501504,126.924261,대로변 평지 정남향 채광까지 좋은 원룸,0,1,0
DDDGG,1,40,23,14.85,37.511294,126.926343,"1호선 대방역 초초역세권, 샛강역 도보 15분, 풀옵션, 직장인 추천",0,1,0
OR,3,60,29,20.4,37.500217,126.952386,융자없는집. 엘베있는집. 리모델링완료. 화이트톤넓은집,1,0,0
OR,2,40,14,14.92,37.503849,126.934701,7호선 장승배기역 도보5분 원룸,1,1,0
DDDGG,1,40,23,14.85,37.511294,126.926343,"1호선 대방역 초초역세권, 샛강역 도보 15분, 풀옵션, 직장인 추천",0,1,0
OR,2,60,79,22,37.508188,126.95698,신축원룸 중앙대3분거리 중대병원5분거리 흑석역8분거리 저렴한원룸,1,0,0
OR,2,49,16,16,37.506221,126.948326,신축5년된 풀옵션원룸으로 조용하고 깨끗하며 전세가능,0,1,0
OR,2,40,15,15,37.50842,126.946562,남동향 남서향 2개의 큰창으로 햇빛 잘들고 가격이 정말 저렴한 원룸,1,0,0
OR,3,40,-,16.52,37.509783,126.945991,학원가 관리잘된 원룸,1,0,0
OR,B1,35,29,18.1,37.508535,126.947478,깨끗한준신축. 보안좋고 관리잘되는집. 안심대로변,0,0,1
OR,1,40,-,14.57,37.512146,126.937809,안심추천.깔끔.풀옵션.가성비굿.,0,1,0
OR,2,48,12,12,37.511609,126.944829,신축4년차 보안 잘 되어 있는 원룸 월세,0,1,0
OR,2,52,29,18,37.501142,126.950621,융자없는집. 상도역4분. 중앙대숭실대. 편의시설밀집. 안전한위치,0,1,0
OR,2,50,29,23.1,37.500102,126.933507,,0,1,0
DDDGG,B1,30,23,14.85,37.511294,126.926343,"1호선 대방역 초초역세권, 샛강역 도보 15분, 풀옵션, 직장인 추천",1,1,0
OR,B1,42,13,13,37.512428,126.94346,노량진역 도보 3분거리 신축4년차 원룸,0,1,0
DDDGG,1,30,23,14.85,37.511294,126.926343,"1호선 대방역 초초역세권, 샛강역 도보 15분, 풀옵션, 직장인 추천",1,1,0
OR,3,60,32,20.5,37.500217,126.952386,중대숭실대 오픈형 엘베유 주택가메인도로 위치,1,0,1
DDDGG,3,40,23,14.85,37.511294,126.926343,"1호선 대방역 초초역세권, 샛강역 도보 15분, 풀옵션, 직장인 추천",1,1,0
DDDGG,1,40,23,14.85,37.511294,126.926343,"1호선 대방역 초초역세권, 샛강역 도보 15분, 풀옵션, 직장인 추천",0,1,0
DDDGG,1,60,46,46.8,37.511026,126.938933,노량진역 초역세권 도보 3분,0,1,0
OR,B1,27,16,16,37.508692,126.947129,깨끗하고 조용한데 가격이 고시텔보다 저렴한 원룸,1,0,1
OR,1,60,23,19.8,37.50547,126.955937,"중앙대 중문 30초거리 깔끔한 원룸, 젠틀 임대인 원하는거 다 들어줌",0,0,1
OR,2,33,15,15,37.511573,126.945076,풀옵션입니다 단기가능합니다,0,1,0
OR,2,50,19,19.8,37.503765,126.935998,7호선 역세권 풀옵션 원룸 무료주차 선착순,1,1,0
OR,2,35,12,12,37.512498,126.946252,가성비굿 위치좋고 컨디션 좋은 리모델링 귀한 매물,0,1,0
OR,B1,45,21,17.19,37.501948,126.950379,2016년 사용승인 잘 관리된 넓고 깔끔한 풀옵션 대로변 편의시설 인접,0,1,0
OR,1,34,29,17.1,37.509222,126.945285,융자없는집. 학원가3분. 가성비좋은방,0,0,0
OR,3,40,16,16,37.504976,126.935138,장승배기역 역세권 엘베있는 초저렴 원룸,0,1,0
OR,1,40,18,18.18,37.503849,126.934701,장승배기역 도보 5분거리 이용 가능 언제 든지 입주협의 가능 밝고환해요,0,1,0
OR,1,45,16,16.53,37.500712,126.934578,"L신대방삼거리역, 장승배기역 도보권 극강 원룸",0,0,1
OR,3,48,20,20,37.511739,126.945052,노량진 학원가 큰 원룸 실6P 내부시설 좋음 빠른입주 가능,0,1,0
OR,1,60,26,19.83,37.503738,126.951926,중앙대5분 남학생전용 신축급컨디션 풀옵션 원룸입니다.,0,0,0
OR,B1,43,84,22,37.509296,126.931714,대방역도보10분 리모델링완료 옵션최고 넓은원룸 가성비최고,1,0,0
OR,B1,45,21,17,37.501948,126.950379,상도역 큰대로변 깔끔한 신축급 원룸,0,1,0
OR,1,43,16,4.84,37.508459,126.947545,깔끔한 풀옵션 원룸,1,0,0
OR,4,60,25,20,37.500217,126.952386,융자없고 깔끔수리된 엘베있는 풀옵션 원룸입니다.,1,0,0
OR,B1,38,84,22,37.509296,126.931714,대방역도보10분 리모델링완료 옵션최고 넓은원룸 가성비최고,1,0,0
OR,B1,33,14,12,37.511688,126.943687,"공실, 학원가 인근,신축급 깨끗한 풀옵션 원룸",0,1,0
OR,1,37,15,15,37.511523,126.947336,가성비최고 크기좋고 관리잘 된 풀옵션 원룸,1,0,0
OR,2,30,16,16.53,37.501755,126.932957,"L신대방삼거리역, 장승배기역 도보권 극강 원룸",0,1,1
OR,B1,30,29,18.1,37.508848,126.947218,실1층 지상층. 금액좋은방. 학원가7분. 관리잘되는집,0,0,1
OR,2,44,22,12.47,37.508563,126.946556,실제면적 훨씬 넓고 앞이 틔여있어 채광좋고 깨끗한 도시형생활주택,0,0,1
DDDGG,B1,38,84,22,37.509296,126.931714,대방역도보10분 리모델링완료 옵션최고 넓은원룸 가성비최고,1,0,0
OR,3,45,16,16,37.508692,126.947129,방크고  깨끗하며 채광좋고 조용한  원룸,1,0,1
OR,B1,43,20,17,37.509296,126.931714,돌침대옵션 리모델링 사이즈좋은 원룸 즉시입주,1,0,0
OR,3,45,18,18,37.504099,126.948156,상도역1분.관리인상주해 안전.채광좋아요.안심대로변,0,1,0
OR,2,43,19,19.84,37.509193,126.931516,따뜻하고 조용한 방,0,0,0
OR,B1,45,33,20,37.501948,126.950379,단기가능.상도역신축원룸. 안전한 대로변. 중대.숭대 통학가능.,0,1,0
OR,1,45,29,18.1,37.508982,126.945225,실2층 베란다있는방. 신축급컨디션. 관리잘되는집. 채광좋은집,0,0,0
OR,3,38,78,13,37.510443,126.945963,종일 햇살이 들어오는 노량진에서 보기 드문  가성비 좋은 정남향 원룸,1,0,0
OR,B1,40,20,19,37.501686,126.927859,대출가능 가성비끝판왕 초저렴신축원룸,0,1,0
OR,B1,40,20,19,37.50259,126.947235,상도역초역세권 보면 바로 계약가능 저렴한 신축분리형,0,1,0
OR,B1,35,33,19.8,37.500551,126.952351,안심대로변 상도역가까운 가성비원룸,1,0,0
OR,B1,50,25,21,37.50259,126.947235,상도역1분.신축넓은분리형.위치좋아안전.집주인거주,0,1,0
OR,B1,45,23,18,37.501511,126.950602,"중앙대,숭실대 깔끔한 반지층 풀옵션 원룸",0,1,1
OR,3,45,20,20,37.506346,126.946436,풀옵션원룸 빠른입주가능,0,1,1
OR,2,45,18,18,37.502288,126.933696,채광좋은 깔끔한 원룸 전세가능 주차가능,0,1,0
OR,2,40,19,17,37.509329,126.931514,"집앞이 마을버스 정류장, 월세가 저렴한 집,",0,0,1
OR,B1,38,19,17,37.509296,126.931714,"넓은 원룸, 침대있음,  상태 아주깨끗하고  저렴",1,0,1
OR,3,50,21,21.49,37.509138,126.93186,역세권신축급의 채광조은 큰 방,1,0,1
OR,3,40,19,19.84,37.512297,126.935181,햇살맛집넉넉한평수깔끔한내실,1,1,1
OR,2,40,21,21.49,37.509329,126.931514,역세권 신축급의 햇살조은 깔끔한 원룸,1,0,1
OR,B1,43,23,22,37.509296,126.931714,"넓은방 아주 깨끗함, 바로 입주, 침대도 있음",1,0,0
OR,3,45,16,16.5,37.512176,126.946913,깔끔하고 학원가에 인접한 원룸입니다,0,0,1
OR,2,30,25,20,37.502483,126.924278,,1,0,1
OR,2,40,25,20,37.502583,126.927677,,0,1,1
OR,2,35,25,19,37.502724,126.924984,,1,0,1
OR,2,35,25,20,37.501324,126.927407,,0,1,1
DDDGG,B1,45,72,19.83,37.501173,126.925904,초역세권 합리적인 금액에 좋은 컨디션을 보여주는 원룸 소개해드립니다,1,1,0
DDDGG,2,40,79,23.1,37.500373,126.933337,채광 좋은 가성비 꿀 매물,1,1,0
OR,B1,45,29,17.1,37.501511,126.950602,상도역4분. 화장실이 넓은방. 화이트톤. 안전한집,0,1,0
OR,B1,35,19,5,37.500656,126.934141,중문이 있어 분리형 느낌이 나는 지층 깔끔한 원룸입니다,1,0,0
OR,2,40,177,16.1,37.513009,126.945274,노량진역 300m로 최고의 입지,1,1,0
OPST,3,45,33,21.84,37.500139,126.927603,,1,1,1
OR,B1,40,22,20,37.501137,126.952358,화이트톤 가성비 좋은 원룸이 왔어요,0,0,1
OR,4,52,170,19.84,37.50445,126.925157, 서울지방병무청역 보라매역 초근접 대방동 깔끔한분리형원룸,0,1,0
OR,3,43,18,15,37.511864,126.947406,학원가 가성비 좋은 풀옵션 원룸,1,0,0
OR,4,60,19,19.83,37.505552,126.956334,중문 초입 대형원룸 평지 월차임에 전기만 별도,0,0,1
OR,1,40,18,14.8,37.508545,126.94638,안심추천.깔끔.풀옵션.가성비굿.합격방.,1,0,0
OR,3,60,22,22,37.508188,126.95698,신축원룸 정남향 녋은원룸 중앙대4분거리 중대병원6분거리 깨끗한원룸,1,0,1
OR,3,40,23,19.8,37.511081,126.947823,학원가인접 채광좋은 저렴한집,1,0,0
DDDGG,3,25,19,19.8,37.503941,126.924635,"리모델링해줌,혼자살기좋음",0,1,1
OR,1,40,-,19.83,37.501772,126.947055,상도역 코앞 1.5룸형 리모델링 원룸,0,1,0
OR,2,43,33,29.75,37.500874,126.936696, 말도 안되는 매물 나왔습니다 ,0,1,0
OR,4,49,26,19.84,37.507749,126.932143,분리형 꿀방깔끔한 화이트톤풀옵션,0,0,1
OR,2,32,23,23.14,37.501191,126.948946,저렴하다상도역역세권당일입주,1,1,0
DDDGG,B1,40,45,45.1,37.502735,126.945602,"바로입주,투룸,거실,반지층 햇빛들어옴,상도역 5분",0,1,1
OR,1,35,23,22,37.504562,126.935673,,0,1,0
DDDGG,1,55,27,23,37.508656,126.944549,더블역세권 채광좋은 저렴한 1.5룸 월세 빠른입주,0,0,0
OR,3,55,26,14.97,37.509139,126.946723,노량진역.신축급넓은원룸. 주거지역으로 쾌적.,1,0,0
OR,3,45,20,19.83,37.502288,126.933696,신대방삼거리역 도보5분 지상층 가성비최고 채광치안좋음 보증금조절가능,0,1,0
OR,4,40,16,13.2,37.512288,126.93532,위치 좋고 가성비 좋은 원룸입니다,0,1,0
OR,1,35,20,16.53,37.500817,126.924228, 보라매역 초역세권 신축원룸 ,0,1,0
OR,4,40,16,16,37.511082,126.947823,노량진 학원가부근 가격대비 방크고 채광과 통풍좋은 깨끗한 원룸,0,0,1
OR,3,40,23,19.8,37.512389,126.935522,깔끔하고 공부하기에도 좋은 원룸,0,1,0
OR,5,40,15,15,37.511377,126.947417,노량진 가성비좋은 깨끗한 풀옵션 원룸 즉시입주가능,1,0,0
OR,2,40,23,19.8,37.508459,126.947545,저렴한가격에 정말 깔끔한 귀한 원룸,1,0,0
OR,B1,32,15,12,37.50877,126.947283,신축으로 방이크고 방음이 좋은 풀옵션원룸,0,0,1
OR,3,39,16,16.5,37.501733,126.933484,7호선 역세권 풀옵션 보증금 적은 가성비 원룸,1,1,0
OR,4,43,17,16,37.511864,126.947406,노량진 무융자 리모델링한 깨끗한 위치좋은 풀옵션입니다,1,0,0
OR,2,47,19,19,37.510569,126.945912,CCTV가 설치되었으며 밝고 깨끗한 신축 원룸,0,0,1
OR,1,46,19,16.5,37.508989,126.941266,깔끔한 원룸 찾으시는분 구경하세요,0,1,0
OR,2,28,16,13.22,37.500941,126.930359,역세권 진짜 역 3분 인테리어 풀옵션반할수밖에,0,1,0
OR,B1,40,30,25,37.504386,126.951676,중대후문가까운 넓은 가성비 원룸,0,1,0
OR,2,46,19,17.5,37.508989,126.941266,깔끔한 원룸 찾으시는분 구경하세요,0,1,0
OR,1,36,19,16.5,37.508989,126.941266,깔끔한 원룸 찾으시는분 구경하세요,0,1,0
DDDGG,1,35,23,23.1,37.511878,126.955386,노들역3분 방1 넓고 분리형으로 내부좋습니다,0,1,0
OR,2,37,19,16.5,37.512074,126.936564,깔끔한 풀옵션 원룸 나왔습니다.,0,1,0
OR,1,25,19,16.53,37.501423,126.927804,7호선 신대방삼거리역확인매물취향저격풀옵션역도보3분,0,1,0
OR,2,45,21,12.07,37.500676,126.930013,초역세권 엘베있음 대형창문있는 원룸 주차가능 즉시입주,0,1,0
OR,1,40,13,13.2,37.501837,126.924584,실제사진O｜즉시 입주O｜현관보안O｜주차O｜보라매역 인근의 원룸,0,1,0
OR,1,34,15,14.21,37.509568,126.946013,가성비좋은 깔끔한 풀옵션 원룸,1,0,0
OR,1,40,13,13.2,37.511298,126.944095,가성비최고 관리잘 된 풀옵션 원룸 학원가 인근 입지굿,1,1,0
OR,B1,40,18,16.5,37.501173,126.925904,실제사진O｜즉시 입주O｜현관보안O｜인근에 학교가 많은 아늑한 방,1,1,0
OR,B1,38,15,14.8,37.501832,126.92791,실제사진O｜즉시 입주O｜현관보안O｜신대방삼거리역과 가까운 가성비방,1,1,0
OR,B1,35,19,16.52,37.500656,126.934141,상태좋은 지층 원룸 입니다  구경 오세요,1,0,0
OR,B1,50,20,20,37.501511,126.950602,상도역 중대후문 신축급 풀옵션 원룸,0,1,0
OR,2,60,19,19.83,37.508188,126.95698,정문 중문 7분 신축급 원룸 보증금 부담 없는 집,0,0,1
OR,B1,50,79,19.98,37.50054,126.924358,"깔끔하고 넓은 원룸, 보라매역 초역세권, 조용한 동네",0,1,0
OR,2,49,30,18,37.506221,126.948326,상도역.신축급 컨디션. 주거지역 조용하고 안전해요,0,1,0
OR,1,55,16,16.53,37.512324,126.943333,새단장한 풀옵션 넓은 원룸,0,1,0
OR,2,52,23,19,37.501142,126.950621,"상도역 5분, 중앙대 10분 채광좋은 풀옵션",0,1,0
OR,6,40,13,13,37.51255,126.943223,노량진역 학원가 인접 채광좋은 풀옵션 원룸,0,1,0
OR,1,30,-,23.14,37.500217,126.939336,2018년식 보증금조절가능 분리형 넓은 평수 쾌적한 집,1,0,0
DDDGG,B1,35,32,32.29,37.501106,126.935096,수리됨평지역세권옥탑방5백에25만원있음여자분환영옵션에어콘있음,1,0,1
OR,4,49,-,19.83,37.501649,126.93424,7호선 역세권 꿀매물 넓고 깔끔한 리모델링 원룸,0,1,0
DDDGG,B1,40,36,33,37.502735,126.945602,상도역 역세권 가성비 좋은 반지층 2룸,0,1,0
OR,2,38,80,11,37.511277,126.941834,조용하고 깨끗한 신축급원룸입니다.,0,1,0
OR,1,45,12,12,37.513028,126.942476,지하철2분거리  리모델링해서 깨끗합니다.,0,1,0
OR,3,48,15,15,37.512242,126.945966,채광굿 크기굿 위치굿 관리잘된 풀옵션 원룸,0,1,0
OR,2,33,16,13.22,37.500816,126.924228,"급함 계약방 너어,무나도 아름답소,",0,1,0
OR,1,35,14,14,37.505853,126.95492,중앙대 중문5분 1층 원룸,0,0,0
OR,2,47,21,17.85,37.500712,126.934578,완전신축 TV 스타일러 무인택배함 이런방이 이가격 무야호,0,0,1
DDDGG,1,35,20,16,37.511765,126.955285,노들역 초역세권 풀옵션 저렴한 원룸 월세,0,1,0
OR,B1,45,20,18,37.506346,126.946436,상도역 풀옵션 저렴한 원룸 월세,1,1,0
OR,1,27,14,14.92,37.503849,126.934701,7호선 장승배기역 도보5분 원룸,0,1,0
OR,1,50,25,20,37.508373,126.956318,,0,0,0
OR,2,35,25,20,37.500656,126.934141,,0,0,1
OR,4,55,25,20,37.505351,126.946073,,0,1,0
VL,2,40,78,52.26,37.506735,126.940371,,0,1,0
OR,2,40,21,20,37.510272,126.925894,"대방역 3번출구 신길초옆 노량진 공시생, 여의도 직장인 강력추천.",0,1,1
OR,2,36,21,17.52,37.501292,126.939943,장승베기역세권 이정도 분리형 본사람,0,1,0
OR,2,45,26,23.14,37.500712,126.934578,,0,0,1
OR,3,50,18,15,37.510096,126.941301,풀 옵션의 조용한 주택가 원룸입니다,0,1,0
OR,1,45,49,17,37.510755,126.941418,조용하면서 전용이 넓은 원룸입니다,1,1,0
DDDGG,2,60,40,40,37.510344,126.938673,노량진역 동작구청 후문뒤 풀옵션 방3칸즉시입주가,0,1,0
OR,2,45,19,16.53,37.500739,126.930946,신대방삼거리역 도보3분 초역세권 융자없는 지상층 풀옵션 원룸,0,1,0
OR,1,40,16,16,37.510007,126.945895,새단장한 풀옵션 넓은 원룸,1,0,0
OR,3,43,13,13,37.51255,126.943223,노량진역 초역세권 학원가 풀옵션 원룸,0,1,1
OR,4,35,18,16,37.51147,126.926318,"대방역 바로앞, 저렴한 풀옵션 원룸 ,깨끗, 빠른입주가능",1,1,0
OR,5,42,16,14,37.510442,126.944243,학원가 마을버스길 인근 단기가능한 깔끔한 원룸,0,0,1
OR,B1,40,29,20.4,37.50066,126.951552,융자없는집. 넓고관리잘되는집. 가성비좋은집,0,1,0
OR,B1,45,30,19.8,37.501948,126.950379,상도역. 대로변신축. 중대통학가,0,1,0
OR,2,35,19,16.53,37.504286,126.924723," S 즉시가능, 주차가능, 가성비 좋은 지상층 풀옵션",0,1,0
OR,B1,50,21,19,37.501948,126.950379,상도역 큰대로변 신축급 원룸,0,1,0
OR,B1,40,30,19,37.50066,126.951552,한학기가능. 중대통학가능한 가성비 원룸,0,1,0
DDDGG,3,42,19,16.53,37.503059,126.948727,,0,1,0
OR,B1,30,22,20,37.504423,126.952741,중대후문앞 넓고 저렴한 원룸.,1,0,0
VL,2,40,19,16.53,37.501837,126.924584," S 지상층 풀옵션, 남향, 주차가능, 즉시가능, 역세권",0,1,0
OR,1,41,16,13.22,37.501564,126.948299,,0,1,0
DDDGG,1,45,40,35,37.510832,126.94097,투룸입니다,0,1,1
OR,2,45,-,19.83,37.503396,126.933766,장승배기역 바로앞 깔끔한 양창 원룸,1,1,0
OR,3,50,23,19.83,37.504181,126.934127,요즘 보기 힘든 큰방이면서 금액도 착해요,0,1,0
OR,3,45,23,23.2,37.502583,126.927677,신축급 깔끔한 지상층 원룸 월세,0,1,1
OR,3,45,19,16.52,37.502288,126.933696,"신대방삼거리역, 장승배기역 7호선 더블역세권 원룸",0,1,0
OR,B1,35,19,16.52,37.504103,126.934724,조용한 주택가 깔끔한 가성비 원룸,0,1,0
OR,1,37,16,14,37.512491,126.944764,노량진 학원가 3분거리 내 단기가능 풀옵션 원룸,0,1,0
OR,B1,35,17,14,37.511802,126.942184,노량진 학원가 단기가능한 깔끔한 반지층 원룸,0,1,0
OR,5,47,-,14.88,37.511298,126.944095,안심추천.깔끔.풀옵션.가성비굿.,1,1,0
OR,B1,42,30,30.51,37.51269,126.935376,올수리 되어있음 깨끗하고 조용함.개발지역 아님,0,0,0
OR,6,38,14,14,37.511277,126.941834,노량진역 가까운  리모델링 깔끔한 풀옵션 원룸 가성비좋아요,0,1,0
OR,1,43,29,18.1,37.508488,126.946086,실2층 지상층. 쾌적한 준신축. 풀옵션 관리잘되는집,0,0,0
OR,B1,38,19,16.52,37.501832,126.92791,신대방삼거리역 도보 3분 역세권 가성비 좋은 원룸,0,1,0
OR,B1,33,19,16.52,37.504157,126.94537,가성비  갑인 원룸 투척이요,0,1,0
OR,B1,32,19,16.52,37.502576,126.927457,"신림선, 7호선 더블역세권 원룸 가성비 좋은 원룸",0,1,0
OR,1,35,16,13.22,37.497969,126.931852,문.의.다.수신축 깔끔한 화이트톤 인테리어 ,0,1,0
OR,1,35,33,19.8,37.49447,126.929845,신대방삼거리역과 보라매병원역 사이 초가성비 원룸,0,0,0
OR,3,42,23,23.14,37.495266,126.925819,"주차가능,보라매병원 도보5분, 방 넓고 깨끗한 풀옵션 1룸 월세",1,0,0
DDDGG,1,60,30,25.8,37.497614,126.933795,지상층 저렴한 풀옵션 투룸 즉시입주 융자무,0,0,0
OR,1,30,26,19.83,37.497151,126.924783,신대방삼거리역 도보5분 신축급 가성비최고 저렴한월세 완전깔끔,0,1,0
DDDGG,4,55,30,18,37.494956,126.926344,신대방삼거리역 신축급 풀옵션 분리형 원룸 월세,0,0,0
OR,B1,30,19,19.83,37.495198,126.924997,"보라매병원 도보5분이내,신축급 분리형 풀옵션 1룸 ",0,0,1
DDDGG,2,25,31,31.78,37.499388,126.939631,교통편리한 주택가 큰평수 원룸,0,0,1
OR,3,50,33,21.49,37.494807,126.956632,숭실대 중문과 메인상권 초역세권 저렴한 지상층 원룸,0,1,0
OR,B1,35,19,16.53,37.497686,126.926669,지층같지 않는 1층 원룸입니다. 깔끔합니다,1,1,0
OR,B1,35,23,22,37.49447,126.929845,보라매병원 인근 사이즈크고 가성비까지 챙기는 풀옵션원룸,0,0,1
DDDGG,5,48,42,17,37.497305,126.924527,"xi큰길위치, 옵션O, 내부계단, 4층높이, 빠른입주가능.",0,1,1
OR,B1,39,33,19.84,37.493021,126.955837,숭실대입구역 1번 출구 역세권 매우 저렴한 분리형 원룸,0,1,0
OR,2,47,30,19.84,37.497156,126.925289,신대방삼거리역 도보 5분 가성비 끝판왕 수납많고 전자식 건조대까기,0,1,0
OR,2,38,23,23.2,37.496401,126.929182,가성비 좋은 신축급 깔끔한 지상층오픈형원룸,1,1,0
OR,1,30,25,20,37.496456,126.929506,,0,1,1
OR,2,28,25,20,37.494497,126.926194,,0,1,1
OR,1,40,25,20,37.496289,126.929131,,0,1,1
OR,1,35,25,20,37.496915,126.926035,"신삼역 역세권 깔끔한 신축급 원룸입니다,",1,1,0
OR,B1,33,21,19.83,37.483033,126.979329,융자 없는 깔끔 저렴 오픈형 원룸 ,0,1,0
OR,B1,25,16,16.56,37.496164,126.982131,"반지층, 매우저렴, 1인가구, 대로변",1,0,0
DDDGG,2,35,64,13.2,37.487624,126.967368,"카카오대출가,남성역도보7분,도로변바로안쪽위치,풀옵션가성비최고",1,0,0
OR,1,37,20,16.2,37.487902,126.965408,급월세.방1.풀옵션 상태양호.평지.,0,0,1
OR,B1,43,-,19.83,37.481415,126.968975,"신축급 건물의 깔끔한 풀옵션, 채광O, 애완O, 보증금조율O",1,1,0
OR,4,45,26,19.83,37.480853,126.976216,급매물 저렴한 풀옵션 원룸,0,0,0
OR,4,45,-,19.83,37.480853,126.976216,"초저렴 풀옵션 원룸, 역세권",1,0,0
OR,2,40,24,23.14,37.496963,126.923002,1.5룸 큰방 가성비 최고 보증금조절가능,1,0,0
OR,B1,40,29,29.8,37.496963,126.923002,실제사진O｜즉시 입주O｜주차O｜너무 넓은 반지층 분리형 원룸,1,0,0
OR,2,29,20,19.83,37.497541,126.923334,보라매역 도보4분 초초역세권 가성비최고 풀옵원룸 보증금조절가능,0,1,0
OR,4,50,25,20,37.496672,126.923428,,1,0,1
VL,1,35,23,19.84,37.497148,126.920298,보라매역 4분더블역세권가성비 최고 원룸,0,1,0
OR,1,35,23,19.84,37.497148,126.920298,보라매역 4분더블역세권가성비 최고 원룸,0,1,0
OR,2,35,25,20,37.499025,126.922133,이가격에 가스까지 포함이라니 놓치지 마세요,0,1,1
DDDGG,2,40,24,18.18,37.498987,126.921844,주차가능. 위치 좋은 가성비 원룸,1,1,0
OR,1,32,19,16.53,37.487234,126.908894,"초역세권 완전 예쁘고, 주차가능한 원룸입니다",0,1,0
DDDGG,2,35,27,27,37.496297,126.916501,"보라매초교옆,2층 방2칸,4월말이사,주차안됨",0,1,1
OR,4,40,21,18,37.486528,126.90947,깔끔한 분리형 원룸이 나왔습니다,0,1,0
OR,1,50,19,16.5,37.490024,126.910641,,0,1,0
OR,B1,37,19,16.5,37.486569,126.908603,,0,1,0
OR,B1,30,21,17,37.499418,126.923459,보라매역인근 대로변 가성비 좋은 원룸,0,1,0
OR,B1,45,85,29.7,37.48839,126.907975,신축 도로가. 풀옵션,0,1,0
OR,3,40,13,13.2,37.488238,126.910468,주차협의후결정,0,1,1
OR,1,50,-,18,37.490024,126.910641,신축급 깔끔한 풀옵션 월세입니다.,0,1,0
OR,2,55,13,13.2,37.486589,126.909721,,0,1,1
OR,2,40,26,19.8,37.498987,126.921844,초초역세권 지상층 넓은 원룸,0,1,0
OR,1,25,23,19.83,37.489094,126.909658,구름위 떠있는 기분화이트톤 분리형 원룸,0,1,0
OR,B1,33,23,19.84,37.487234,126.908894,2호선 신대방역 초역세권 도보5 컨디션 최상급 넓고 깔끔한 방,0,1,0
OR,1,33,23,19.83,37.486528,126.90947,신대방역 도보3분 실매물 실가격 가성비 최고 원룸,1,1,1
OR,2,45,26,23.14,37.495843,126.923283, 무드등 분리형원룸 FULL 빌트인 동일 가격대 최고집 ,0,1,0
OR,1,30,25,20,37.499025,126.922133,보라매역 역세권 놓치시면 후회할만한 매물을 가지고왔어요,0,1,0
OR,B1,30,23,16.52,37.486631,126.907637,"깔끔한 신대방역세권 대로변 원룸, 융자없는집",0,0,1
OR,2,50,23,19.84,37.496672,126.923428,"깔끔한 원룸, 풀옵션, 넓은 방",0,0,1
OR,1,55,20,20,37.508522,126.95904,"높은1층, 중앙대4분 중대병원 4분거리 풀옵션 조용한원룸 햇빛굿",1,0,0
OR,3,45,74,19.83,37.508284,126.958446,정문 3분 대형 풀옵션 원룸 위치 좋고 비용 좋아요.,0,0,0
DDDGG,3,45,16,16.52,37.507881,126.957607,"정문 3분 풀옵션 원룸 월차임에 수도세, 인터넷 포함 가성비 굿",0,0,1
OR,2,35,16,13.22,37.503202,126.922151,안심추천 21년 신축 마지막찬스 주인공이 되세요,0,1,0
APT,7,58,24,16.67,37.57243,127.0167,동묘역1분 전입가능 현관보안O 풀옵션 빠른입주가,1,1,0
OPST,3,50,33,23.4,37.60491,126.964743,,1,0,0
OR,B1,55,16,16.5,37.605827,126.956718,상명대 후문 예쁜 쉐어하우스,0,0,1
OR,3,50,20,17,37.551282,127.143474,깔끔한 풀옵션원룸 명일역초역세권 교통노선 굿,0,1,1
DDDGG,B1,40,117,34,37.543592,127.136307,굽은다리역세권 전용이 넓고 큼직한 2룸 즉시입주,1,0,0
DDDGG,1,30,28,28,37.543243,127.1451,"수리되어 깨끗한 원룸, 굽은다리역 5분, 주인 좋음,",0,1,0
DDDGG,B1,40,35,33,37.549438,127.140364,"GOLD, 방2화1, 넓은편임, 명일역 , 입주하시",0,1,1
DDDGG,2,50,39,39.6,37.559444,127.168803,저렴하고 쾌적한 투룸 월세 I 깨끗한 거주환경 I 상일동역 도보권,0,1,1
OPST,6,60,38,18.52,37.564434,127.173736,대로변 버스정류장 바로 앞 귀한 오피스텔 교통주차편리,1,0,1
OPST,2,45,25,13.44,37.565221,127.172935,복층풀옵션 I 사업자가능 I  부가세별도 I  입주협의,0,0,0
OPST,4,50,25,13.44,37.565221,127.172935,관리비저렴하고 혼자살기 좋은 저렴하고예쁜복층오피스텔,0,0,1
OR,6,40,19,16.5,37.510233,126.898609,"신도림역 도보역세권 풀옵션,엘베,뷰좋음,주차,즉시입주가능",0,0,1
OR,4,50,-,28,37.504594,126.921608,,1,1,0
OR,3,45,33,16.5,37.522185,126.903477,AA영등포시장역 소액보증금 저렴한월세 가성비 좋은 원룸,0,1,0
DDDGG,B1,30,20,20,37.506098,126.902553,"올수리,반지층,에어컨옵션.주방분리형,조용한주택가,빠른입주가능",0,0,0
OR,4,45,19,19.83,37.508632,126.897266,적절한수납공간 있을건다있는 풀옵션원룸,1,0,0
OR,B1,40,19,19.83,37.509788,126.902409,관리잘되고 저렴한 깔끔하고 조용한 풀옵션원룸,1,0,0
DDDGG,6,40,58,30,37.507905,126.902531,방1大 화장실 주방 세탁실 구분,0,0,1
OR,6,55,16,16.52,37.527046,126.894821,"최저가,원룸,관리비포함55만,여성전용,초역세권,상태깨끗,풀옵션,전입신고O",0,1,0
OR,4,43,23,18,37.508632,126.897266,신도림역 최저월세,1,0,1
OR,2,50,23,18,37.508256,126.897549,4년차 신축급 깔끔한 원룸,0,0,1
OR,2,28,16,13.22,37.499387,126.917514,,0,1,0
OR,2,48,19,19.8,37.489804,126.903426,2호선 구디역 도보7분 신축급 컨디션 크고 깨끗한 분리형 원룸,1,0,0
OR,2,50,30,18.2,37.499131,126.916718,보라매역 도보 5분 이내 화이트톤 정남향 밝은방 넓고 깨끗해요,0,1,0
OR,2,37,19,19.8,37.491922,126.904675,강남성심병원 인근 2호선 구디역 도보15분 가성비 좋은 원룸,1,0,1
OR,3,35,16,16.5,37.488443,126.904334,2호선 구디역 초역세권 풀옵션 깔끔한 분리형 원룸 채광좋아요,0,1,0
OR,2,30,73,18.4,37.497381,126.915215,굿추천.지상층 가성비최고.풀옵션 원룸.보라매역과 보라매공원 도보.빠른입주,1,1,0
OR,6,45,22,22,37.491601,126.90782,공실 풀옵션 리모델링 원룸 ,1,0,1
OR,2,30,17,17.5,37.497381,126.915215,"실 매물,가성비풀옵션,보라매공원앞,2층,즉시입주가능",0,1,0
DDDGG,2,20,16,11.57,37.498663,126.901556,주변 대림역과 신풍역의 2층 방1칸 월세,0,0,1
OR,1,40,20,16,37.492594,126.906659,강남성심병원옆 보증금조정가능,1,0,0
OR,2,50,-,26,37.491684,126.904428,풀옵션. 분리형원룸 입주일협의가능,0,0,0
OR,B1,40,12,11.61,37.497741,126.915331,신축급 분리형원룸 큰도로가 안심,0,1,0
OR,2,50,19,18.51,37.499131,126.916718," S 보라매역세권 풀옵션, 지상층, 남향, 즉시입주가능",0,1,0
DDDGG,2,50,77,25,37.495232,126.901326,"주차가능,대림역 5분거리,풀옵션,분리형,환하고 밝음",1,1,0
OR,B1,34,30,24,37.496092,126.906765,넓은원룸  빠른입주가능 풀옵션 관리비포함40만원입니다,1,0,1
OR,B1,50,-,21.48,37.49697,126.905834,신풍역 역세권 분리형 대형 원룸초가성비 월세특급매물,0,0,0
OR,4,60,25,20,37.495815,126.896804,"정말 넓은 역세권 풀옵션 엘베O, 주차O 즉시입주 가능합니다.",0,1,1
DDDGG,3,38,18,18.01,37.496146,126.906974,풀옵션에 원목침대. 대형마트. 주거환경 매우 우수함.,0,0,1
OR,2,32,25,20,37.498855,126.915951,,0,1,1
OR,1,32,20,17.19,37.4991,126.917069,초역세권에 평지에 이가격이랍니다,0,1,0
OR,B1,30,56,18.76,37.496324,126.904725,,0,0,1
DDDGG,2,50,30,30,37.495911,126.906545,"2층주인세대, 방2개 햇빛들어옴",0,0,1
OR,3,45,-,19,37.491684,126.904428,분리형 풀옵션 깔끔하고 저렴한 원룸,0,0,0
OR,2,30,16,16.5,37.497381,126.915215,"저렴한 방, 지상층, 풀옵션, 빠른입주 가능",1,1,0
OR,3,40,23,19.84,37.498304,126.916423,보라매역 도보 6분 채광이 끝내주는 풀옵션 분리형 원룸,0,1,0
OR,2,48,24,21.16,37.496109,126.896681,,0,1,1
OR,4,40,21,19.83,37.498304,126.916423,보라매역 도보6분 풀옵션 원룸 엘베o 채광좋음 깔끔 가성비최고,0,1,0
OR,B1,33,30,19,37.497658,126.915494,보라매역 도보 7분 보라매공원 건넛편 완전 싼집 진짜 싼집 정말 싼집,0,1,0
OR,2,50,20,17,37.49825,126.917319,"역세권,풀옵션, 깨끗한 원룸 매물 나왔습니다.",0,1,0
OR,4,55,-,19.8,37.490933,126.89989,월세특급매물화이트톤 완전풀옵션신축급컨디션 보장합니다,0,1,0
OR,1,29,19,16.53,37.490446,126.906222,확인매물가성비 풀옵션 원룸,0,0,1
OR,B1,50,-,19.84,37.489436,126.903402,2호선 역세권 화이트톤 인테리어 준신축급 컨디션 예뻐서 계약하는방,1,0,0
OR,2,50,20,19.83,37.499131,126.916718,보라매역 도보5분 신축급 퓰옵원룸 화이트톤 깔끔 보증금조절가능,1,1,1
OR,3,50,19,19.8,37.49039,126.905232,2호선 구디역 신축급 큰원룸 양창에 채광좋은방 분리형구조,1,0,0
OR,1,50,19,19.1,37.499131,126.916718,즉시입주 가능한 채광 좋은 가성비원룸,0,1,0
OR,3,50,23,23.14,37.48929,126.901094,"2호선 꿀위치,깔끔하고 수납공간 많은 신축",0,0,1
OR,5,55,30,18.13,37.494068,126.899745, 주차8만 역세권 복층 풀옵션 오피스텔 엘베있음,0,1,0
OR,1,42,19,17.19,37.497027,126.897786, 저렴하고 깔끔한 지상층 풀옵션,0,1,0
OR,1,39,19,19.8,37.489805,126.903426,2호선 구로디지털단지역 도보7분 신축급 깔끔한 분리형구조의 가성비,0,0,0
OR,2,40,20,20,37.490563,126.906169,밝고 깨끗한 원룸  빠른입주가능 풀옵션,1,0,1
OR,2,35,19,16.53,37.490572,126.906042," 1000,32 조절가능 깔끔한 풀옵션",1,0,1
OR,3,50,21,17.85,37.489506,126.903305, 구디역 역세권 깔끔한 분리형 풀옵션,0,0,1
OR,3,50,23,6,37.49039,126.905232,"전입신고OK채광, 사이즈 모두다 굿",1,0,1
OR,2,48,23,19.84,37.489804,126.903426,"전입가능신축급 방 사이즈 매우 넓어요,",0,0,1
OR,3,40,19,16.53,37.490563,126.906169,전입가능신축급 깔끔한 지상층 원룸,1,0,0
OR,B1,45,23,22,37.499008,126.917509,보라매역세 5분 원룸큰방 깔끔함,0,1,0
OR,1,40,21,21.4,37.499131,126.916718,"역세권, 지층, 풀옵션, 치안안심, 밝은집",0,1,0
OR,4,55,21,14.52,37.493155,126.89643,초역세권 엘베있음 ,1,1,1
DDDGG,3,38,23,21,37.49604,126.909291,"옥탑큰방, 풀옵션,분리형주방,세탁실 창고,올수리 단열공사",0,0,1
OR,4,45,25,25,37.491673,126.901103,분리형 채광좋음 시세보다저렴해요,0,1,0
OR,3,40,19,19.84,37.489506,126.903305,"2호선 꿀위치,저렴하게 신축 원룸 사용 가능",0,0,1
VL,3,40,23,19.84,37.48988,126.899398,구디역세권 신축급 예쁜 분리형원룸 저렴하고 깔끔해요,0,1,0
OR,4,50,28,28,37.491033,126.898257,신축급 분리형 주방공간이 넓음 방1칸,1,1,0
DDDGG,B1,30,26,26.4,37.579081,126.909567,아주 저렴하고 위치 좋으며 교통 편리 하고 내부 깔끔한 평지층,0,0,1
DDDGG,2,40,34,33.1,37.582901,126.916949,북가좌동 깨끗한 원룸,1,0,1
DDDGG,B1,35,40,36,37.581828,126.916731,빌라형다가구 방2화1 입주협의,0,0,1
DDDGG,2,40,36,33,37.581417,126.91717,,0,0,1
DDDGG,2,25,20,20,37.593222,126.947017,깔끔한 풀옵션 원룸. 즉시입주 협의,1,0,1
OR,B1,35,15,15,37.564366,126.931823,연대 서문근처 상태좋은 저렴한 매물입니다,1,0,0
DDDGG,1,33,16,16.6,37.572004,126.927264,,1,0,0
DDDGG,B1,40,26,26.76,37.60208,126.948901,홍은동 대로변 1층 같은 지층 투룸 월세 즉시 또는 협의입주가,1,0,0
OR,2,30,34,34,37.593858,126.947431,평지 홍제역세권 즉시입주 미닫이포함 방2,0,0,1
OR,5,35,87,18,37.599725,126.948432,풀옵션,1,0,0
OR,B1,40,30,17,37.574651,127.029689,"['10년이내', '융자금없는', '역세권']",0,1,0
OR,B1,40,30,17,37.572407,127.027301,"['10년이내', '융자금없는', '역세권']",0,1,0
OR,1,30,22,20,37.577244,127.066534,"['25년이상', '융자금없는', '1층', '소형평수']",1,0,0
OR,B1,35,16,16.53,37.59105,127.05945,"['25년이상', '융자금없는', '역세권']",0,1,0
OR,3,40,22,20,37.579388,127.075809,"['15년이내', '융자금없는', '소형평수', '방한개']",1,0,0
DDDGG,B1,40,62,28,37.57891,127.058929,"['25년이상', '융자금없는', '소형평수', '방두개']",1,0,0
OR,B1,40,20,20,37.596922,127.056232,"['25년이내', '세대분리', '화장실한개']",0,1,0
DDDGG,3,30,90,17,37.598793,127.054414,"['25년이상', '융자금적은', '화장실한개', '방한개']",0,1,0
DDDGG,B1,35,40,38,37.616865,126.921175,연신내역2분  깨끗한 투룸  즉시입주가능,0,1,1
OR,4,40,13,13,37.618485,126.917681,"즉시입주,입주협의가능,엘베O,가격굿,연신내 풀옵션원룸",0,1,0
OR,B1,35,16,14,37.622913,126.918136,"신축급 18년식 원룸 지층, 3호선6호선 연신내역 도보8분",1,0,0
OR,2,35,17,15,37.619722,126.92369,3호선 연신내역 인근 풀옵션 원룸,0,1,0
OR,3,40,13,13,37.618485,126.917681,"엘베O, 착한 보증금,월세 대중교통 이용편리 연신내 원룸 월세",1,1,0
OR,3,40,13,13,37.618485,126.917681, 연신내 초역세권 풀옵션 원룸월세,0,1,0
OR,2,40,14,13,37.618485,126.917681,3호선 연신내역 도보 6분 풀옵션 원룸,1,1,0
OR,2,35,14,14,37.599879,126.912717,"부담없는 보증금,월세 착한 관리비 응암역 풀옵션 원룸",0,1,0
OR,B1,29,17,15,37.602316,126.920255,"6호선 역촌역 도보 7분, 풀옵션 원룸",1,1,0
OR,2,32,18,18,37.602316,126.920255,가성비 좋은 응암역 근처 풀옵션 원룸월세 지정주차가능,0,1,0
OR,1,35,16,16,37.612909,126.91097,빌트인 치안걱정NO 구산동 풀옵션 원룸월세,1,0,0
OR,2,40,13,13,37.618485,126.917681,연신내역 도보 5분 저렴한 풀옵션 원룸,1,1,0
OR,B1,32,18,18.18,37.602316,126.920255,주차가능 대로변 근처 위치 저렴한 보증금 월세 응암역 풀옵션 원룸,0,1,0
OR,1,35,16,16,37.612909,126.91097,혼자살기 좋은 깔끔한 빌트인 풀옵션 원룸월세 즉시입주 가능,0,0,1
OR,5,40,18,18,37.595954,126.915868,불광천 바로앞 응암역세권 풀옵션 원룸,0,1,1
OR,B1,30,20,16,37.616742,126.922188,연신내역 도보2분 깔끔한 풀옵션 원룸 즉시입주,0,1,0
OR,B1,32,19,16,37.602316,126.920255,"6호선 역촌역 도보 7분, 풀옵션 원룸",1,1,0
OR,B1,25,24,24,37.620131,126.918788,I로데오I연신내I 연신내 신축급 넓은 원룸,0,1,1
OR,3,30,27,27.83,37.609193,126.925116,즉시입주가 l 넓은 분리형 원룸 l 불광역 역촌역 6분,0,1,0
OR,3,40,11,8.82,37.602714,126.924294,6호선 역촌역 도보 7분 풀옵션 원룸,1,1,0
OR,B1,35,22,20,37.589954,126.911699,새절초역세 전용 넓고 상태 좋은 약간 반지하 풀옵션 원룸,0,1,0
OR,2,37,19,13.5,37.583327,126.892249,수색역 도보5분거리 풀옵션 원룸,1,1,0
OR,1,33,15,15,37.586876,126.913903,불광천 바로 옆  산책하기 좋은  풀옵션 원룸월세 즉시입주 주차가능,1,0,0
OR,1,35,17,17,37.590596,126.9092,새절역 근처 혼자살기 좋은 착한 원룸월세 빠른입주 가능해요,0,1,0
OR,2,35,17,17,37.590596,126.9092,"착한 보증금,월세 단기가능 새절역 도보 가능한 원룸월세",1,1,0
OR,1,35,20,17,37.591,126.912478,새절초역세 매우 저렴하고 상태 좋은 풀옵션 원룸,0,1,0
OR,B1,30,18,18,37.595634,127.0372,"고려대5분, 신축급 풀옵션, 깨끗하고 쾌적한 원룸",1,0,0
OR,1,35,18,18,37.608496,127.056585,돌곶이역 3분거리 풀옵션 원룸,0,1,1
OR,B1,30,18,18.5,37.595634,127.0372,"신축5년 풀옵션, 고대역 도보7분, 대로변 도보1분, 건물에 대출없음",0,0,1
DDDGG,B1,25,53,27,37.598304,127.030409,"마을버스 정류장 1분, 계단3칸아래, 채광좋고 환기잘되는 집",0,0,1
DDDGG,2,30,33,33.06,37.609226,127.034615,4호선 미아사거리역 도보 10분 깨끗한 월세,0,0,1
OR,3,35,26,26.44,37.607045,127.023978,O 싸고넓은원룸8P 길음역5분 냉장고.에어컨.세탁기 마당있는집 즉시입주,0,1,0
OR,1,35,18,18,37.611824,127.012863,서경대 원룸.서경대 인근에 위치한 원룸.풀옵션.서경대 도보5분,0,1,0
OR,B1,40,15,15.5,37.608912,127.005611,"실제1층원룸,풀옵션,국민대 및 정릉시장 부근,빠른입주",1,0,0
OR,2,30,18,18,37.59036,127.009174,역세권 평지 깔끔,1,1,1
OR,3,40,16,16.5,37.592289,127.034384,"고대 1분 고대역 5분, 풀옵션, 깔끔, 건물에 대출없음, 월세조율가능",0,1,0
OR,2,35,22,22,37.593626,127.032362,"신축급 원룸,깨끗,종암중학교 바로 옆 초입",1,0,0
OR,B1,35,19,16.5,37.593626,127.032362,"고대법후 5분, 신축5년차로 깔끔하고 밝은 방, 조용한 곳 위치",0,0,1
OR,3,35,19,14.88,37.604147,127.06047,한예종정문앞 3층 원룸,0,0,1
DDDGG,2,35,40,40,37.662043,127.06714,"전용14, 하시방문, 상계역 5분내,거실넓음,올수리, 보증금월세조정",0,0,0
DDDGG,B1,30,25,25,37.657527,127.069627,방1 특올수리 반전세가능,0,0,0
DDDGG,1,40,20,20.96,37.662043,127.06714,올수리 깔끔하고 조용한 주택가 1층 1.5룸 입니다.,0,0,0
DDDGG,B1,30,64,32.15,37.665332,127.072218,깨끗한3계단반지층투룸보500월30 집앞주차가 융무 상계역7분 노원역도보가,0,0,0
OR,B1,30,16,16,37.624411,127.078134,서울과기대.공릉역10분라라브레드근처즉시입주깔끔한풀옵션,0,0,1
OR,B1,25,16,16,37.62406,127.0802,서울과기대즉시입주가능깔끔하고 가성비 좋은 풀옵션원룸,0,0,1
OR,B1,30,16,16.52,37.622352,127.058252,광운대 도보5분 l 깔끔하고 관리 잘된 예쁜원룸,1,1,0
OR,B1,33,20,17,37.624442,127.07791,"공원옆 신축급 풀옵션원룸, 즉시입주가능, 밝은편입니다.",1,0,0
OR,2,30,13,13,37.616083,127.066604,B E S T 석계역 도보2분 1.5층 착학가격,0,1,1
OR,B1,40,20,20,37.624223,127.077344,분리형 원룸.깊지않은 반지층 입니다.즉시입주가능.,0,0,0
OR,1,25,13,13.22,37.621051,127.060728,가성비 굿 I  정후문 3분 I 가격조정가능 I 편의점1분,0,1,0
OR,B1,23,18,18,37.617312,127.063809,"관리잘 된 깔끔한 풀옵션 원룸, 광운대 도보생활권,인프라 좋음",1,1,0
OR,3,34,16,16.5,37.620989,127.075739,태릉역 더블역세권에 위치 가격 저렴한 원룸 전세,0,1,0
OR,B1,34,18,18,37.622263,127.058371,8월말까지 가능 I 정문4분 I 조용한 주택가  I 마트1분,1,1,0
DDDGG,B1,35,32,32.34,37.62223,127.079727,단독 계단 몇개 내려가는 남향 반지층 올수리 깨끗해요.,0,0,0
OR,B1,30,20,18,37.624411,127.078134,"과기대 인근, 공릉철길 근처, 귀가길 안전한 원룸",1,0,0
OR,1,40,23,16,37.617595,127.058809,광운대정문 인근 가성비 좋은 원룸 즉시입주,1,0,0
OR,1,40,25,22.4,37.619584,127.08033,"태릉입구역3분,방크고 깨끗 분리형 원룸 베란다O 가격저렴",0,1,0
OR,B1,30,20,20,37.624764,127.079034,과기대 가까운 깨끗하고 넓은 풀옵션 원룸,1,0,1
OR,B1,29,20,20,37.624881,127.078407,과기대 가까운 깨끗하고 넓은 풀옵션 원룸,1,0,1
OR,B1,30,20,20,37.624958,127.07699,넓고 깨끗한 풀옵션 원룸,0,1,0
OR,B1,30,20,20,37.62421,127.078135,과기대 가까운 깨끗하고 넓은 풀옵션 원룸,1,0,1
OR,5,40,20,12.36,37.624793,127.074529,공릉역 근처 도시형 생활주택 즉시 입주 가능,0,1,1
OR,B1,35,27,27,37.621546,127.081275,수리 후 깔끔한 지층 넓은 원룸 ,0,1,1
DDDGG,B1,30,25,25.5,37.623135,127.074994,"저럼한보증금및 월세, 분리형원룸",0,1,1
OR,B1,30,16,16,37.62597,127.077881,과기대 철길공원인근 큰길가 깔끔한 풀옵션원룸,1,0,1
OR,B1,29,16,16.52,37.633325,127.058252,월계역에서2분거리.남향이라 조망이 좋아요. 다른 원룸 방보다 큼,1,1,0
OR,2,30,62,15,37.633325,127.058252,풀옵션 2월9일입주 광운대 초역세권역,0,1,1
OR,1,30,62,15,37.633325,127.058252,풀옵션 즉시입주 광운대 초역세권역,0,1,0
OR,5,30,16,16,37.633325,127.058252,풀옵션 즉시입주 상태최상 월계역도보3분,0,1,1
OR,2,40,20,19,37.676197,127.054466,"사진O,역2분,풀옵션,깨끗한큰방,관리비수도포함",0,1,1
OR,2,37,88,24,37.676197,127.054466,"수락산역3분,4월17후하시",1,1,0
OR,3,40,20,18,37.674778,127.053867,"사진O,역3분,전세6천,풀옵션,관리비수도인터넷포함,주차가",0,1,0
OR,B1,30,21,21.09,37.672773,127.055077,사진O 수락산역6분 인터넷수도 관리비포함 풀옵션 빠른입주,0,1,0
DDDGG,B1,30,22,21,37.672773,127.055077,뽀송뽀송반지층 큰방 풀옵션O 빠른입주O 언제든집보기O,0,1,1
VL,3,40,18,14,37.676984,127.05655,수락산역 초 역세권 풀옵션 저렵한 원룸,0,1,0
DDDGG,B1,30,43,42,37.676104,127.053169,수락산역5분  방2  즉시입주  조용한주택가,0,1,1
DDDGG,1,25,40,35,37.62342,127.052815,"주차가, 조용한 주택가, 내부 수리 예정 매물",0,0,1
OR,B1,30,19,17,37.625684,127.092159,"서울여대3분,여성전용,6월 단기가능",0,0,1
OR,B1,30,26,16.5,37.543315,126.840761,5호선 화곡역 도보3분거리 풀옵션 반지층 원룸,1,1,0
OR,2,50,-,23.1,37.555762,126.856514,9호선 증미역 도보 5분거리 저렴하고 넓은 원룸,1,0,0
OR,4,45,25,17,37.558876,126.843024,"호서대학교 학생 추천,5호선 발산역 풀옵션 원룸",0,1,0
OR,2,40,23,18.54,37.543099,126.838338,화곡역 역세권 혼자살기 딱좋은 깔끔한원룸,1,1,0
OR,2,40,14,14.87,37.558876,126.843024,발산역 역세권 최저가 풀옵션 원룸 월세,1,1,0
OR,4,45,20,15,37.558876,126.843024,발산역 초역세권 풀옵션원룸,0,1,0
OR,2,50,15,15,37.538936,126.841788,화곡역 인근 신축급 컨디션 좋은 풀옵션 원룸,1,1,0
OR,1,50,-,22.23,37.547396,126.847002,강서구청인근 1층 풀옵션 넓은 원룸,1,0,0
OPST,13,47,31,20.6,37.548779,126.847497,화곡로대로변 원룸오피스텔 4월중 입주협의 주차1대무료,1,0,1
OR,B1,43,16,16.5,37.533181,126.844566,까치산역 초역세권 신축급 풀옵션 원룸 ,1,1,0
OR,2,50,30,20,37.538776,126.841056,JS 5호선 화곡역 인근 풀옵션 화이트 인테리어 원룸,0,1,0
OR,1,40,30,20,37.532372,126.844169,,0,1,0
OR,2,45,30,20,37.543099,126.838338,JS 5호선 화곡역 역세권 가성비 최강 원룸,0,1,0
OR,2,30,30,17,37.532372,126.844169,,0,1,0
OR,4,45,16,13.2,37.558876,126.843024,호서학생강추즉시입주가능한 발산역 인근 원룸,0,1,0
OR,4,47,20,17,37.558876,126.843024,,0,1,0
OR,2,45,25,17,37.558876,126.843024,,0,1,0
OR,4,45,25,15,37.558876,126.843024,,0,1,0
OR,B1,30,23,18.21,37.543315,126.840761,화곡역 역세권 저렴한 분리형원룸,0,1,0
OR,4,40,16,15.5,37.543226,126.839609,즉시입주가능.도보3분.침대까지 있는 화곡역 풀옵션원룸.보증금조절됩니다.,0,1,0
OR,1,43,19,17.5,37.533181,126.844566,도보2분.신축급컨디션의 깔끔한 풀옵션.서둘러서 확인하세요,0,1,0
VL,2,50,32,28.05,37.536169,126.852155,주차가능 풀옵션 베란다딸린 넓은원룸,1,0,0
DDDGG,2,30,23,23,37.536322,126.848378,즉시입주 주차가능 원룸,0,0,1
OR,B1,30,22,18,37.543315,126.840761,신축급 풀옵션 분리형 화곡역 초역세권,0,1,0
OR,2,40,-,13,37.543099,126.838338,월세 급인하 화곡역 역세권 엘베 있는 풀옵션 원룸 즉시입주 가능,1,1,0
OR,2,48,21,20,37.534127,126.844413,보증금 증감가능 붙박이장 있는 깔끔한 까치산역 풀옵션 원룸,0,1,0
OR,4,45,25,17,37.558876,126.843024,"호서대학교 학생 추천,보증금1천만 월세 40만원도 가능,발산역 원룸",0,1,0
OR,3,45,25,15,37.53335,126.845044,,0,1,0
OR,3,30,25,10,37.53335,126.845044,초역세권 가성비 최고 신축급 풀옵션,0,1,0
OR,3,32,25,10,37.53335,126.845044,초역세권 가성비 최고 신축급 풀옵션,0,1,0
OR,B1,50,30,23.64,37.550355,126.852878,반려동물 주차 가능 화곡역 가양역 강서구청 넓은 원룸 즉시입주,0,0,1
OR,5,50,32,25.5,37.546005,126.848124,엘베 주차 원룸 화곡역 버스 봉제산 도보이용가능,1,0,1
OR,B1,45,22,21,37.552337,126.834533,"우장산역 역세권 5분,풀옵션,넓은원룸,입주청소,상태 아주깨끗,입주협의",1,0,1
OR,4,45,25,15,37.558876,126.843024,1000 40 전기가스 무제한 호서대생 강추 풀옵션,0,1,0
OR,1,35,35,30,37.553834,126.836107,관리비없음 가성비최고 내부깨끗 옵션있음 주차불가,0,0,1
OR,2,35,20,18.15,37.548898,126.849644,강서구청인근 저렴한풀옵션원룸,1,0,0
OR,2,45,30,22,37.552337,126.834533,"풀옵션,넓고깨끗,쾌적하고밝아요,우장산역도보6분,하시",1,0,1
OR,3,43,25,15,37.543226,126.839609,,0,1,0
OR,3,42,25,15,37.543226,126.839609,,0,1,0
OR,B1,38,-,16.52,37.535403,126.846387,"JS도손,초초저렴,역세권원룸",0,1,0
OR,3,47,24,19.84,37.563886,126.808333,,1,1,0
OR,4,40,20,14.88,37.563723,126.807803,도배완료 신축급 깔끔한 풀옵션 선착순 매물,0,1,0
OR,4,32,14,9.9,37.563943,126.807892,초저가주차가능단기가능매물 ,0,1,0
OR,7,43,20,16.5,37.564317,126.808508,깔끔한 공항시장역 도보 3분 원룸 ,0,1,0
OPST,6,47,32,16.91,37.563775,126.8079,금액대비 넓은 풀옵션 9호선 공항시장역 건물,0,1,0
OR,4,32,10,10,37.563775,126.8079,"주차가능,1달,2달 필요개월에 따라 연장가능,깨끗한 원룸,옵션 있음",0,1,0
OPST,5,45,55,28.5,37.57841,126.8125,"전용넓음, 이중창,수리중,3월말이후하시,",0,1,1
OR,4,42,20,17,37.563723,126.807803,,0,1,0
OR,4,40,20,17,37.563723,126.807803,,0,1,0
OR,7,45,21,16.53,37.564317,126.808508,신축급 깔끔한 풀옵션 저렴한 매물,0,1,0
OR,3,32,10,10,37.563943,126.807892,한달 두달가능 주차가능,0,1,0
OR,4,32,10,10,37.563943,126.807892,한달 두달 그 이상도 가능한 단기임대,0,1,0
OR,2,47,164,20.59,37.574976,126.813098,방화역세권 풀옵션 하시입주가 융자무 남향 강추강추,0,1,0
OR,4,42,20,17,37.563723,126.807803,,0,1,0
OR,2,45,94,20,37.572283,126.812436,개화산역9분 방신전통시장1분 분리형 원룸 방1 화1 베란다1,0,0,0
OR,3,45,131,21,37.574417,126.812509,방화역세권 풀옵션 하시입주가 엘베유 관리비에 TV 인터넷포함. 강추강추,1,1,0
OR,4,32,10,10,37.563943,126.807892,한달 두달가능 주차가능,0,1,0
OR,3,45,20,17,37.562562,126.810189,"공항시장 송정역 도보3분,풀옵션,보증금조절가능",0,1,0
OR,4,40,16,15.2,37.563723,126.807803,,0,1,1
OR,4,43,23,16.52,37.564083,126.807771,,0,1,0
OR,3,45,23,19.83,37.562562,126.810189,"5호선,9호선 더블 초역세권 보증금 조정 가능 풀옵션 원룸",0,1,0
OR,4,43,23,14.87,37.564317,126.808508,500 43 가능 공항시장역 풀옵션 원룸 깔끔 그자체,1,1,0
OR,4,43,20,16,37.564083,126.807771,"공항시장역도보4분,풀옵션,즉시입주가능",0,1,0
OR,4,45,20,16,37.564083,126.807771,"공항시장역도보4분,풀옵션,즉시입주가능",0,1,0
OR,4,45,23,14.87,37.564317,126.808508,500 43 가능 공항시장역 풀옵션 원룸 깔끔 그자체,1,1,0
OR,2,50,23,23,37.575348,126.810431,방화역세권 주차가능하고 배란다있는 풀옵션 임차료에 관리비 포함 강추강추,0,1,1
OR,4,45,25,15,37.564083,126.807771,,0,1,0
OR,7,35,25,18,37.563723,126.807803,"500 35, 1000 30 옥탑  풀옵션  최저가 선착순 한분 모셔요",0,1,0
OR,4,43,25,15,37.564083,126.807771,,0,1,0
OPST,7,50,55,28.5,37.57841,126.8125,집상태깨긋함 풀옵션,0,1,1
OR,3,37,18,13.84,37.572184,126.815575,"신방화역6분이내,하시,내부상태양호,관리비3만원",1,0,1
OR,7,35,27,16.5,37.563723,126.807803,공항시장역 도보 5분  깔끔하고 조용한 동네에 위치,0,1,0
DDDGG,B1,30,39,29.75,37.567348,126.811182,"날짜협의,",0,1,1
OR,5,48,25,18,37.562562,126.810189,,0,1,0
OR,8,35,25,17,37.563723,126.807803,"9호선,5호선 이용가능,저렴한 풀옵션",0,1,0
OR,4,40,13,13.88,37.563775,126.8079,"1개월,2개월,3개월 단기조건 및 연장가능한 원룸",0,1,0
OR,4,40,25,15,37.563723,126.807803,신축급 풀옵션 김포공항 바로 앞 공항시장역 2분,0,1,0
DDDGG,B1,30,33,26.44,37.568359,126.813718,"햇빛잘드는반지하,",0,1,1
DDDGG,B1,30,18,15.5,37.566826,126.8071,준신축급 내부깔끔한 풀옵션 원룸 빠른입주가능 가격조정가능,1,0,1
OR,7,35,25,18,37.563723,126.807803,옥탑  풀옵션  최저가 선착순 한분 모셔요,0,1,0
OR,7,45,25,15,37.564317,126.808508,,0,1,0
OR,4,40,25,15,37.563723,126.807803,신축급 풀옵션 김포공항 바로 앞 공항시장역 2분,0,1,0
DDDGG,1,50,18,15.5,37.566826,126.8071,준신축급 내부깔끔한 풀옵션 원룸 하시입주가능 가격조정가능,1,0,0
OR,7,43,25,15,37.564317,126.808508,,0,1,0
OR,2,36,13,13.22,37.563775,126.8079,"1개월,2개월,3개월 단기조건의 깨끗한 9호선 원룸",0,1,0
OR,1,50,25,19.83,37.566468,126.806829,"JS파밀리스,애완동물가능,분리형",0,0,0
VL,4,40,21,16.53,37.563723,126.807803,신축급 깔끔한 풀옵션 9호선 역세권 귀한매물,0,1,0
OR,1,50,23,23,37.575348,126.810431,"방화역역세권,동향,풀옵션,기본관리비무,도배장판완료,하시입주,1층주차장.",0,1,0
OR,3,45,25,25.59,37.568113,126.815753,"신방화역1분,풀옵션,주차가능,입주일협의,조용한주거지역,관리비2만원",1,1,0
OR,8,35,25,17,37.563723,126.807803,바로 입주가능 공항시장역 풀옵션원룸 임대,0,1,1
OR,4,45,25,21,37.563886,126.808333,,0,1,0
OR,3,45,16,16.53,37.562562,126.810189,1.송정초등학교 바로앞 송정역 도보2분 공항시장역 도보1분 안전한 위치,0,1,0
OPST,9,50,55,28.5,37.57841,126.8125,"방화역세권,복층,풀옵션,깔끔,입주협의",1,1,0
OR,4,43,16,16.53,37.564083,126.807771,1.공항시장역 도보3분 역세권 예쁘고 깔끔한 풀옵션 원룸 가성비 좋아요,0,1,0
OR,4,32,20,10,37.563943,126.807892,한달 가능 두달 가능 초저렴 김포공항 단기 선착순,1,1,0
OR,2,45,21,17,37.558144,126.812442,"송정역 역세권.풀옵션 원룸.주차,4월 중순입주가능.",1,1,0
OR,2,45,19,16.5,37.558144,126.812442,신축급 풀옵션 정말깔끔한 주차가능한방,0,1,0
OR,4,35,20,14.92,37.557684,126.815442,송정역.저렴한 풀옵션 원룸.즉시 입주가능.,1,0,0
OR,1,33,25,15,37.559099,126.80854,단기 가능 풀옵션원룸 초저렴 가성비 탑,0,1,0
OR,2,50,25,18,37.559754,126.809107,,0,1,0
OR,3,35,25,20,37.559439,126.812183,송정역 역세권.도배새로한 저렴한 풀옵션 원룸.즉시입주가능.,0,1,0
OR,1,37,25,15,37.56009,126.809195,"1000 32, 500 37, TV제공 신축급풀옵션",0,1,0
OR,1,30,25,15,37.559099,126.80854,단기 가능 풀옵션원룸 초저렴 가성비 탑,0,1,0
OR,1,37,20,15,37.56009,126.809195,,0,1,0
OR,2,37,16,15.5,37.56009,126.809195,송정역 최고의 가성비원룸.즉시입주 가능한 풀옵션입니다.,0,1,0
OR,2,35,17,14.15,37.557994,126.814918,주차가능 빠른입주까지,1,0,1
OR,6,45,35,25,37.560419,126.808555,마당있는 넓은 옥탑입니다,0,0,0
OR,1,30,18,13.5,37.558257,126.813144,분리형 즉시입주 신축급 풀옵션,0,1,0
OR,1,45,25,15,37.5565,126.811396,신축급 풀옵션 조용한 주거지역 단기가능,0,0,0
OR,2,45,20,15,37.556794,126.811206,단기가능 신축급 풀옵션 선착순,1,0,1
OR,5,45,25,20,37.560419,126.808555,송정역 5분 마당 있어 운동 빨래 가능한 옥탑 원룸,0,0,0
OR,3,43,25,15,37.559099,126.80854,,0,1,0
OR,3,40,25,15,37.559099,126.80854,,0,1,0
OR,2,40,16,16.53,37.559175,126.80888,1.송정역 풀옵션 원룸 가성비 아주 좋아요,0,1,0
OR,2,40,16,16.53,37.559175,126.80888,1.송정역 풀옵션 원룸 가성비 아주 좋아요,0,1,0
OR,5,50,21,13.12,37.55567,126.815955,강서농산물시장 출퇴근 하시는 분 조용하고 아늑한 세련된 풀옵션 원룸,1,0,0
DDDGG,B1,35,36,36,37.530191,126.857631,낮은계단 반지층 투룸 공실,0,0,1
DDDGG,2,40,45,35,37.530588,126.860085,다가구주택 지상층 투룸 입니다.,1,0,1
DDDGG,B1,20,30,30,37.530777,126.858888,낮은계단 반지층 방1개 주택가,0,0,1
OR,4,44,25,21,37.530376,126.863342,"목동역도보,풀옵션원룸",1,0,1
OR,6,35,-,15,37.563794,126.851554,가양역 역세권 초저렴 잠만 주무시는 분들께 최적,1,1,0
OR,B1,25,29,19.83,37.663888,127.041281,풀옵션 관리비저렴 역세권 방학역 도보5분 버스전용차선 교통편리,0,0,1
DDDGG,1,30,27,27,37.667057,127.032467,"에어컨 있음, 가스랜지 있음, 즉시 입주 가능, 교통편리, 상태 깨끗",0,0,1
OR,5,29,18,16,37.662904,127.033883,"풀옵션, 분리형원룸, 빠른입주 가능, 엘베 유, 애완견안됨,",0,0,1
VL,B1,30,39,35.7,37.666296,127.032622,"반지하 방2 화1 주방, 도배,장판교체, 옵션",1,0,1
OR,B1,30,22,19,37.651548,127.026538,성원 분리형원룸 보증금조절가 전세가,0,0,0
DDDGG,B1,30,-,39,37.655622,127.016543,,1,1,0
OR,B1,27,34,23.14,37.688724,127.044082,신축급 풀옵션 시설깨끗 역세권 1 7호선도봉산역 도보4분 주차가능 즉입가,0,1,1
OR,B1,27,34,23.14,37.688724,127.044082,신축급 풀옵션 시설깨끗 역세권 1 7호선도봉산역 도보4분 주차가능 즉입가,0,1,0
OR,B1,27,20,17,37.68862,127.041843,하시이사 풀옵션 역세권 보증금 조정가능합니다,0,1,0
VL,B1,30,32,29.83,37.647145,127.015733,올수리 4.19역 도보3분 방2 테라스 잘빠진 구조 알토란 빌라,0,0,0
OR,B1,30,26,26.44,37.637054,127.016841,화계역도보 입지조건 좋은 귀한 풀옵션 원룸 저렴한 반지층월세,1,1,1
OR,B1,28,24,15,37.641622,127.0275,성원 역5분 즉시입주가 보증금조절 깔끔,0,1,0
OR,B1,30,16,16.5,37.639406,127.029864,수유역인근 풀옵션 원룸,0,1,1
OR,B1,28,19,19,37.616096,127.033089,미아사거리역세권도보6분거리  풀옵션 융자없는집 살짝 반지하임 밝은집,0,1,0
DDDGG,B1,29,13,13.42,37.613831,127.037474,"오픈형 원룸｜에어컨, 냉장고, 세탁기, 인덕션｜빠른 입주 가능",1,0,1
OR,B1,28,19,19,37.616527,127.028155,급월세 즉시입주 가능한 가성비좋은 미사역 5분거리 반지하이지만밝은집,0,1,0
OR,B1,28,18,18,37.616096,127.033089,가격내립니다 큰방 창문넓은집이며 살짝반지하 입니다,0,1,0
OR,B1,30,18,14.88,37.624631,127.024153,,0,1,0
VL,3,30,16,16.53,37.621886,127.023095,미아역 도보5분 옥탑방 원룸,0,1,0
OR,1,30,23,19.9,37.458377,126.901728,빌라형 신축  풀옵션 원룸 즉시입주,1,0,0
DDDGG,1,30,19,19,37.458377,126.901728,빌라형   풀옵션원룸  즉시입주,1,0,0
OR,2,29,18,16.5,37.472158,126.892652,2층 풀옵션 원룸,1,0,1
DDDGG,B1,30,33,33,37.592122,127.08838,면목역 거실 넓고 공간 넓은 1.5룸 베란다도 있어요,0,1,1
DDDGG,B1,30,38,38,37.575156,127.085981,가격저렴 내부 깨끗하고 하시입주가능,0,1,1
DDDGG,5,22,33,33,37.586073,127.083047,에어컨협의 옥탑층,0,0,1
DDDGG,B1,25,23,23,37.57325,127.082557,가격저렴 올수리 하시입주가능,0,0,1
OR,B1,30,23,16.5,37.58584,127.088795,면목역 초저렴. 교통편리한 풀옵션 원룸.,0,1,0
DDDGG,B1,30,38,38,37.57325,127.082557,올수리 가격저렴 하시 입주가능,0,0,1
OR,B1,27,19,16.52,37.608499,127.077478,"먹골역2분, 깔끔한 풀옵션  원룸,주차x ,애완x, 가성비최고",0,1,0
OR,4,40,19,16,37.481065,126.898379,저렴한금액으로 구디역 거주하기 딱좋은 원룸이에요 ,0,0,1
OR,6,40,21,15,37.48039,126.897292,구디역 혼자살기 너무좋은위치 원룸이에요,1,0,0
OR,3,40,23,20,37.482056,126.899173,구디역 넓은방 2호선 도보6분 큰대로변 가성비 원룸,0,0,1
OR,2,35,26,23.14,37.481022,126.897871,깔끔하고 넓은 방O월세 저렴한 방O보증금 조절 가능O2호선 도보 8분,0,0,1
OR,3,40,26,23.14,37.482056,126.899173,넓고 큰방 O 2호선 도보 5분 O 편의점 30초 O 주차가능,0,0,1
OR,2,40,26,23.14,37.479877,126.897557,넓고 큰방 O 2호선 도보 10분 O 주차가능O 편의점 30초 O,0,0,1
OR,4,35,26,23.14,37.480512,126.896322,오픈형 넓은 방 O보증금 조절가능 O회사단지 앞 O구디역 2호선 10분,0,0,1
OR,5,40,26,23.36,37.48201,126.900138,2호선 도보 5분 O넓고 큰방 찾으시는 분 O수납공간 많은 풀옵션,0,1,0
OR,5,40,26,23.14,37.482056,126.899173,넓고 큰방 O구디 도보 6분 O편의점 20초 O채광 좋은 방 O주차가능,0,0,1
OR,1,40,26,23.16,37.479975,126.8964,넓고 큰방 O 넓은 책상 O 2호선 도보 9분 O 편의점 10초 O주차,0,0,1
OR,1,40,26,23.14,37.48201,126.900138,역세권 넓고 큰방 찾으시는 분 O 보증금 업 월세 다운 가능한 방입니당,0,1,0
OR,5,40,23,20,37.483575,126.900685,구디단지 2호선 도보5분 넓고 채광좋은 분리형원룸,0,1,0
VL,3,35,20,15,37.480985,126.896997,구로디지털단지역 도보 10분 원룸입니다.,0,0,1
OR,5,40,26,23.15,37.481798,126.899774,넓고 큰방 O 2호선 도보 5분 O대출 없어요 O 보증금 조절 가능,0,1,0
OR,3,40,23,21,37.48201,126.900138,"넓고,큰방 구디역 2호선 역세권 분리형원룸",0,1,0
OR,4,40,26,23.14,37.482056,126.899173,넓고 큰방 O 2호선 도보 7분O  편의점 30초O 보증금 조절 가능,1,0,1
OR,6,40,29,23.14,37.48201,126.900138,"2호선 도보 5분,O넓고 큰방O, 수납공간 많은 O주차가능",0,1,0
OR,4,40,21,20,37.480163,126.893573,"가산디지털,구로디지털, 역세권, 신축급, 깔끔한 원룸",0,0,1
OR,3,40,29,23.14,37.48201,126.900138,2호선 도보 5분 거리 O넓고 큰방 찾으시는 분 O수납공간 많은O 풀옵션,0,1,0
OR,3,40,26,23.14,37.480946,126.897814,넓고 큰방 O2호선 도보 8분 O주차가능 O보증금 월세 저렴한O ,0,0,1
OR,4,40,23,20,37.480599,126.898125,구디역 화이트톤 올리모델링 깔끔한 분리형원룸,0,0,0
OR,6,40,20,20,37.480568,126.896994,구디역 도보10분 밑에 G25편의점 깔끔한 오피스텔,1,0,0
OR,4,40,26,23.14,37.48142,126.898819,넓고 큰방 O 2호선 도보 7분 O 편의점 30초 O 주차가능,0,0,1
OPST,10,32,49,30.38,37.496811,126.891157,개별 냉난방기 설치 완료 24시간 사용,1,0,0
OR,4,40,19,16.52,37.480308,126.898642,구로디지털단지 역세권 화이트톤 가성비 꿀방,0,0,1
OR,1,40,26,23.14,37.480749,126.899241,복층O 2호선 도보 5분 O 주차가능O 고양이 가능O 보증금 조절 가능,0,0,1
OR,5,40,26,23.15,37.481798,126.899774,넓고 큰방O 2호선 도보 5분 O 수납공간O보증금 조절 가능O 주차가능,0,1,0
OPST,11,35,52,31.9,37.496811,126.891157,2호선 역세권 특수리된 사무실오피스텔,1,0,0
OR,4,40,23,21.48,37.48201,126.900138,구로디지털역세권편의점20초세탁방좋은방,0,1,0
OR,6,40,26,23.14,37.481555,126.898231,넓고 큰방O 2호선 도보 6분 O편의점 20초 O주차가능 O분리형 원룸,0,0,1
OPST,6,35,14,14.8,37.480258,126.896788,"옥탑 원룸, 주차가능 풀옵션",0,0,1
OR,4,29,26,23.14,37.480226,126.896212,구로디지털단지역7분황금위치예쁜방,1,0,1
OR,4,40,23,20,37.480308,126.898642,구디역 2호선 도보8분 화이트톤 가성비 분리원룸,1,0,0
OR,9,40,90,15.13,37.48039,126.897292,보증금 협의 가능한 원룸,1,0,0
OR,B1,40,-,19.84,37.479635,126.892989,"G타워 도보 5분, 분리형 풀옵션 원룸, 가성비 최강",1,0,0
OR,6,40,26,23.14,37.482362,126.900227,우드화이트톤 O 넓고 큰방 O 2호선 도보 5분 O 초역세권 O주차가능,0,1,0
OR,3,40,26,23.14,37.480599,126.898125,넓고 큰방 O 화이트톤 O주차가능 O편의점 30초 O 2호선 도보 8분,1,0,1
OPST,3,40,56,34.02,37.479575,126.896962,,0,0,1
OR,4,40,26,23.14,37.482362,126.900227,넓고 큰방 O구디역 도보 5분 O회사단지 도보 5분 O주차 가능,0,1,0
OR,6,40,19,16.52,37.481555,126.898231,,1,0,0
OR,5,34,105,15.87,37.480648,126.897996,"구로디지털단지역 근접,풀옵션,주차",1,0,0
OR,5,40,23,20,37.482362,126.900227,2호선 구디역 도보5분 바로앞 편의점 분리형원룸,0,1,0
OR,5,40,19,19,37.48142,126.898819,화이트톤 구로디지털단지 큰방 가성비 분리원룸,0,0,1
DDDGG,B1,20,78,29.72,37.502759,126.852718,"채광 좋고, 즉시 입주 가능한 월세, 도배 장판 교체 완료",1,0,0
DDDGG,B1,30,32,30,37.500438,126.850286,"｜방2 월세｜신혼부부 사는 깔끔한집, 즉시입주 가능",0,0,1
DDDGG,1,35,65,33,37.503065,126.847696,위치좋은 중간층 방2칸월세방이고 깨끗하고 즉시입주,0,0,0
DDDGG,B1,15,50,24,37.504999,126.850178,깨끗하고 저렴하게 나온 월세방 즉시입주가능,0,0,1
OR,4,30,23,23,37.50313,126.846212,리모델링준신축 수준 첫입주 풀옵션 원룸. 난방비 관리비에 포함,0,0,0
DDDGG,1,20,63,20,37.503919,126.848694,깨끗하고 저렴하게 나온 방1칸월세방이고 입주협의,1,0,0
DDDGG,B1,20,77,19.81,37.505684,126.849887,"평1층, 세곡초 인근 월세방, 착한 가격의 매물",1,0,0
DDDGG,2,30,83,22,37.504201,126.846044,에어컨 가스렌지 세탁기 냉장고 등 옵션있고 방이큼,1,0,0
DDDGG,B1,30,27,17,37.501214,126.850107,신축4년차O풀옵션 원룸O습하지 않아요O즉시입주O,1,0,0
DDDGG,2,25,57,28.51,37.505058,126.850976,"즉시 입주 가능한 투룸, 저렴한 월세, 근린공원 초근접",0,0,1
DDDGG,B1,30,62,31.1,37.502714,126.853297,"즉시 입주 가능한 방2, 내부 도배장판 교체 완료",0,0,1
DDDGG,1,40,65,35,37.505104,126.850015,일조권이좋고 100035 가능하고 협의입주가능,0,0,0
OR,3,40,28,28,37.494147,126.833014,"넓은평수의저렴한빌라,즉시입주가능,주변환경좋아요",1,0,1
OPST,3,40,36,22.72,37.494584,126.856031,"풀옵션,개봉역3분,4월 협의.",0,1,0
OPST,8,40,38,29.52,37.495004,126.889668,"구로구청 인근, 업무용, 냉난방기 유",0,0,1
OR,6,40,22,17,37.504039,126.891815,"엘리베이터 있음,신축급 원룸건물, 빠른입주 가 ",1,0,0
OR,1,36,22,17,37.50414,126.890819,신도림역 도보5분 깨끗해요. ,0,0,0
OR,4,40,26,19.83,37.504484,126.891803,신도림 리모델링 넓은방,0,1,0
OR,1,36,-,16,37.471812,126.940095,"00단기가능, 대로변 풀옵션 00",1,0,0
OR,2,35,20,17,37.482979,126.933992,리모델링 깔끔 풀옵션원룸 남향 채광좋아요,1,0,0
OR,4,33,-,17,37.470104,126.93654,00화이트톤 공과금 올포함 대로변 00,0,1,0
OR,3,35,18,18.9,37.48615,126.936489,봉천역원룸 저렴하고 깔끔한 착한원룸,1,0,0
OR,7,40,25,18.13,37.485395,126.931919,신림역원룸 저보증금가능하고 가성비 착한원룸 소개드려요,0,1,0
OR,1,37,17,17.25,37.479568,126.931859,,0,1,0
OR,6,30,-,18,37.473384,126.938253,00마지막 1개 호실 남았어요 00,1,0,0
OR,6,24,-,16,37.472584,126.941117,00학생들 추천 화이트톤 풀옵션 00,1,0,0
OR,1,33,19,18.18,37.487736,126.925308,가성비 끝판왕 신림 입주가능일 즉시입주가능 역세권 ,0,1,0
OR,2,25,-,15,37.472584,126.941117,00화이트톤 학생들 추천매물 00,1,0,0
OR,3,40,19,16.5,37.480194,126.931496,즉시입주 가능한 깔끔하고 가성비 최고 원룸이에요,0,1,0
OR,2,40,19,16.5,37.479736,126.93161,저렴하고 깔끔한 서원역 초역세권 큰 방이에요,0,1,0
OR,1,36,18,16.53,37.480978,126.941605,2호선 봉천역확인매물여성취향저격풀옵션,0,1,0
OR,1,35,27,23,37.485657,126.94775,"저보증금 가능, 가성비 월세, 즉시입주, 신축급, 채광굿",0,0,1
OR,2,40,23,19.8,37.481615,126.93132,사진有  분리형  신축  큰방  2호선  신림선,0,1,0
OR,3,37,23,19.8,37.479843,126.943633,"봉천역 1번출구 도보 3분 역세권 깔끔한 원룸, 치안도 좋고 조용하고",0,1,1
OR,2,35,26,19.8,37.469734,126.935686,초역세권 위치좋은 풀옵션 원룸,0,1,0
OR,3,35,19,19.9,37.483536,126.934766,신림역원룸 저렴하기로 최고 가성비갑원룸,1,0,0
OR,1,36,19,16.53,37.485365,126.93929,봉천역 화장실 깔끔한 신축 풀옵션 원룸 ,0,1,0
OR,6,37,19,19.9,37.483536,126.934766,신림역원룸 저렴하기로 최고 가성비갑원룸,1,0,0
OR,2,39,-,18,37.472224,126.941069,00리모델링 첫입주 서두르세요 00,1,0,0
OR,3,39,-,21,37.472224,126.941069,00깔끔하고 넓직한 분리형 풀옵션 00,0,0,0
OR,5,31,-,15,37.470463,126.936604,00대로변 리모델링 풀옵션 00,0,1,0
OR,4,27,19,19.2,37.485961,126.931702,신림역원룸 저렴하고 가성비 좋은 착한원룸,0,1,0
OR,4,40,16,16.5,37.470054,126.935601,신림선 역세권 조용한 주택가 풀옵션,1,1,0
OR,5,35,23,19.8,37.48508,126.92733,신림역 6번출구 도보 2분 초역세권 보증금 조절 가능한 저렴한 원룸,0,1,1
OR,2,35,23,19.8,37.483205,126.938403,봉천역 도보6분 초역세권 화이트톤 가성비갑매물,1,1,0
OR,4,32,23,19.8,37.47233,126.939727,,1,0,1
OR,2,38,19,16.5,37.478749,126.930853,사진有  주차가능  초역세권  가성비최고  엘베,0,1,0
OR,1,35,19,19.9,37.485412,126.932721,애완동물가능 신림역원룸 저렴하기로 최고 가성비갑원룸,0,1,0
OR,3,40,18,18.18,37.488205,126.927237,신림역 초역세권 저렴 깔끔,0,1,0
OR,6,40,19,19.83,37.485836,126.933104,신림역 초역세권저렴깔끔한 원룸,0,1,0
OR,3,40,19,19.9,37.485947,126.933584,신림역원룸 저렴하기로 최고 가성비갑원룸,0,1,0
OR,2,30,19,19.2,37.485961,126.931702,신림역원룸 저렴하고 가성비 좋은 착한원룸,0,1,0
OR,5,40,17,17.25,37.479568,126.931859,,0,1,0
OPST,6,40,23,19.8,37.479931,126.942884,봉천역 도보8분 EV유 채광굿 깔끔한방 가성비최고,0,1,1
OR,4,36,18,18.18,37.484522,126.950045,서울대입구역원룸 저렴하고깔끔한 착한원룸 소개드려요,0,0,1
OR,2,30,16,16.5,37.484533,126.951307,서울대입구역원룸 저렴하고깔끔한 착한원룸 소개드려요,0,0,1
OR,2,35,23,19.8,37.483092,126.950698,서울대입구5분 풀옵션 주민센터근처 원룸,0,1,0
OR,2,38,19,16.5,37.479736,126.93161,저렴하고 깔끔한 서원역 초역세권 큰 방이에요,0,1,0
OR,1,32,23,19.8,37.481676,126.939054,봉천역5분 역세권 가성비원룸,0,1,0
OR,B1,37,23,19.8,37.481235,126.930519,신림역 도보6분 초역세권 가성비깔끔한방 채광굿,1,1,0
OR,2,37,23,19,37.475797,126.930957,"200,39,4신림역세권 쾌적한 풀옵션 원룸",0,0,1
OR,2,40,19,16.5,37.480194,126.931496,즉시입주 가능한 깔끔하고 가성비 최고 원룸이에요,0,1,0
OR,3,37,19,16.5,37.484522,126.927977,즉시입주 가능한 정말 깔끔한 원룸입니다.,0,1,0
OR,1,40,23,19.8,37.480154,126.93941,봉천역 도보7분 초역세권 화이트톤 리모델링 여성분워너비매물,1,1,0
OR,4,40,23,19.8,37.472224,126.941069,대학동 EV유 조용한분위기 깔끔한 방 가성비갑,1,0,1
OR,2,35,23,19.8,37.479831,126.945483,봉천역 도보9분 채광굿 혼자살기 좋은 깔끔한 매물,1,1,0
OR,1,35,19,16.5,37.479033,126.9301,서원역 역세권 깔끔한 풀옵션 원룸입니다.,0,1,0
OR,2,38,19,16.5,37.478827,126.926898,가성비좋은 서원역 깔끔원룸입니다,1,0,0
OR,1,26,16,13.22,37.480978,126.941605,2호선 봉천역 떴다 내가찾던 초역세권 최고급소재,0,1,0
OR,2,40,20,17,37.482979,126.933992,리모델링 깔끔 풀옵션 분리형원룸,0,0,0
OR,2,29,19,16.5,37.47824,126.930766,즉시입주가능한 서원역 초역세권 원룸입니다.,0,1,0
OPST,4,40,19,16.5,37.484914,126.926653,신림역 부근 깔끔한 원룸입니다.,0,1,0
OR,1,25,23,19.8,37.486464,126.925821,신림역 5번출구 도보 5분거리 깔끔하고 저렴한 가성비 원룸,1,0,0
OR,B1,35,23,19.8,37.480978,126.941605,봉천역 2번출구 도보 2분 초 역세권 깔끔한 화이트톤 원룸,0,1,1
OR,2,35,-,23.14,37.484941,126.952517,서울대입구역. 가성비 굿 풀옵션 원룸.,1,0,0
DDDGG,5,40,21,18.18,37.479931,126.942884,전입OK 초초역세권 오픈형 오피스텔 가격 실화 실매물,0,1,1
OR,5,40,26,19.83,37.485836,126.933104,사진有 역세권 저렴한 원룸,1,1,0
OR,3,31,19,19.8,37.469897,126.942209,신림선 초역세권 셔틀 가까운 깔끔한 원룸,1,0,1
OR,4,40,23,19.8,37.484684,126.937958,봉천역 4번출구 도보 5분거리 역세권 관리비없는 초가성비 깔끔한 원룸,0,1,1
OR,B1,30,26,19.83,37.486953,126.923925,사진有 도림천 인근 저렴한 반지하 원룸,1,0,1
OR,B1,40,23,20,37.480884,126.923928,화이트톤 깔끔 풀옵션 분리형원룸 수납공간 많아요,0,0,0
OR,2,30,23,19.8,37.471518,126.939225,풀옵션 가성비 깔끔한원룸,1,0,0
OR,3,30,23,19.8,37.469562,126.939408,대학동 역세권 깔끔한원룸,1,0,0
OR,2,40,23,23.1,37.472702,126.936261,도보5분 큰길가 역세권 채광좋은원룸,0,1,0
OR,2,30,19,16.5,37.472013,126.935388,지하철 도보3분 초역세권 원룸입니다.,0,1,0
OR,2,40,23,23.1,37.4696,126.935657,모든공과금포함 학원큰길가 역세권 매물입니다.,0,1,0
OR,5,30,23,23.1,37.471585,126.940165,엘베有 풀옵션 깔끔한 채광좋은원룸,1,0,1
OR,3,30,23,23.1,37.471585,126.940165,풀옵션 큰평수 학원인접 가성비원룸,1,0,1
OR,4,40,23,23.1,37.470125,126.940622,셔틀버스근처. 및 학원인접한 가성비원룸,1,0,0
OR,3,40,23,23.1,37.46962,126.935506,엘베有 풀옵션 대학동 역세권 매물,0,1,0
OR,2,40,23,23.1,37.472093,126.935268,채광좋은 초역세권 풀옵션 분리형 원룸,0,1,0
OR,2,35,19,17,37.482383,126.937475,리모델링 깔끔한 풀옵션원룸 남향 채광굿 깨끗해요,0,1,0
OR,B1,28,23,20,37.48257,126.934852,저렴하고 깔끔해요 풀옵션원룸 숲세권,0,0,1
OR,B1,32,18,18,37.481676,126.939054,"봉천역 도보3분, 신축급, 이사비지원",0,1,0
VL,1,40,50,38.16,37.488118,126.95383,서울대입구 도보 다세대개별등기 부분임대 풀옵션 큰방,0,0,0
OR,3,40,21,21,37.486225,126.952041,서울대입구역 풀옵션 가성비 좋은방,1,0,0
OR,1,40,19,18.18,37.484471,126.944829,"저렴하고 넓은 방, 봉천역 역세권 매물, 즉시입주가능, 꾸미고 싶은 방",0,1,0
OR,2,40,6,6,37.485519,126.927953,"신림역도보3분 신축분리형 치안,채광좋은 깔끔한방추천best",0,1,0
OR,B1,40,-,24.79,37.486029,126.953213,역세권 깔끔하고 넓은평수 깨끗하고 풀옵션 원룸 ,1,0,0
OR,2,37,23,16.5,37.484645,126.945811,채광굿 보증금조정가능 분리형 풀옵션  즉시입주가능  남향,0,0,0
OR,5,40,23,19.8,37.485927,126.936661,봉천역도보권 엘베O 가성비최고 채광좋은 깔끔한 원룸,1,0,1
OR,2,27,-,19.83,37.47925,126.953995,서울대입구 초역세초저렴월세방 놓치면후회 ,0,1,0
OR,1,32,19,16.5,37.478502,126.949527,설입 4번출구 대로변 1.5층 가성비 킹,1,0,0
OR,1,29,19,16.5,37.477959,126.949835,"서울대입근 인근, 풀옵션, 화이트톤",1,0,1
OR,1,30,19,16.5,37.477792,126.949741,"서울대입근 인근, 풀옵션, 신축",1,0,1
OR,4,30,29,23.14,37.484522,126.927977,공과금 올포함신림역이 금액 실화야,0,1,0
OR,4,30,26,19.83,37.484522,126.927977,신림역초역세권여성취향저격당일입주가능,0,1,0
OR,4,35,21,21.4,37.47823,126.95317,서울대생Pick 가성비최고 풀옵션 전세도가능 셔틀버스바로앞,0,1,0
OR,1,30,36,29.75,37.48096,126.932127,,1,0,0
OR,1,25,23,19.83,37.48374,126.931192,신림역1분침대가포함이라고,0,1,0
OR,1,30,-,19.83,37.476807,126.956924, 초역세 넓은방 가성비초비 특가 3,0,0,0
OR,B1,32,19,16.5,37.475347,126.95486,서울대입구와 샤로수길 인근 가성비 좋은 원룸,1,0,1
OR,4,40,19,16.5,37.484744,126.952908,"조용한 주택가, 가성비 좋은 서울대입구 원",1,1,0
OR,1,40,19,19.2,37.485961,126.931702,신림역원룸 저렴하고 가성비 좋은 착한원룸,0,1,0
OR,5,40,19,19.83,37.478668,126.940719,큰대로변 그레이톤 세련된 분리형 신축,0,0,1
OR,3,30,23,19.3,37.472083,126.941548,"저 보증금, 저 월세가성비 깔끔한 원룸5",0,0,1
OR,1,24,-,19.83,37.479012,126.95503,관악구 핫플 샤로수길에 깔끔 신축형 원룸 보러오세요,0,1,0
VL,1,40,26,23.14,37.479802,126.941599,봉천역 경사없는 풀옵션 이쁜원룸,0,1,1
OR,1,28,-,19.83,37.480562,126.930729,2호선 탁 트인 도림천 하늘과 맞닿는 단독 테라스,0,0,0
OR,4,37,23,23.2,37.485836,126.933104,대로변 역세권 가성비 너무좋은 원룸,0,1,0
OR,1,29,16,13.22,37.483037,126.951316,서울대입구역 도보4분 리얼 실매물 미쳤다 가성비 갑 빨리 오세요,1,1,0
OR,B1,15,23,19.83,37.483331,126.956186,봉천 역세권 저 보증 저 월세,0,1,0
OR,2,38,23,20.7,37.473087,126.940818,,0,0,1
OR,3,35,16,16.5,37.480897,126.939954,"봉천역 4분이내, 전세대출가능, 깔끔한인테리어 원룸, 보증금조정가능",0,1,0
OR,3,35,29,26.44,37.486836,126.925397,밤 하늘의 별을구경할수 있는 미친 방넓고 채광 좋고 깔끔하고 ,1,0,0
OR,2,30,16,16.52,37.485597,126.928802,찐역세권 l 컨디션굿 l 풀옵션 l 즉시입주,1,1,0
DDDGG,B1,40,18,18,37.484251,126.947638,"주거환경우수 교통편리봉천역8분, 가격아주우수",0,0,1
OR,1,25,29,23.14,37.48487,126.92603,신림역 제일큰방초역세권화이트톤,0,1,0
OR,4,25,23,19.84,37.482035,126.950744,서울대입구초역세권 방크기 위치 월세 실화,0,1,0
OR,1,30,29,23.14,37.487453,126.923947,신림역 분리형원룸여성취향저격,0,0,0
OR,1,30,19,16.5,37.474263,126.938506,"서벤역 역세권, 도림천 주변, 가성비 좋은 분리형 원룸",0,0,0
OR,1,33,19,16.53,37.48589,126.939083,역대급 세련된 신축 매물 2호선역세권 풀옵션,0,0,1
OR,5,40,26,23.14,37.469282,126.942587,실매물 선착순매물입니다.,0,1,0
OR,1,38,20,20.5,37.479693,126.940717,이런게 신축이지 압도적인 인테리어 마지막세대입니다,0,1,0
OR,3,40,23,19.84,37.468809,126.942723,실매물 서울대학교 근처 조용한동네,0,1,1
OR,2,32,19,5,37.469891,126.942319,"서울대 셔틀 도보 3분, 리모델링 완료",1,1,0
OR,2,40,19,18.1,37.468905,126.941102,대학동 설대셔틀 3분 위치 가성비 깔끔한 원룸,1,0,1
OR,4,32,19,5,37.469891,126.942319,"서울대 셔틀 도보 3분, 리모델링 완료, 학교인근",1,1,0
OR,2,36,19,16.5,37.4735,126.935885,"화이트톤, 풀옵션, 엘리베이터 o",1,1,0
OR,4,36,19,16.5,37.4735,126.935885,"화이트톤, 풀옵션, 엘리베이터 o",1,1,0
OR,4,32,19,5,37.469891,126.942319,"서울대 셔틀 도보 3분, 리모델링 완료, 학교인근.",1,1,0
OR,3,30,16,13.2,37.469733,126.940616,대학동 위치짱 역대급 가성비 풀옵션 원룸,1,0,1
OR,1,38,19,16.5,37.478827,126.926898,서원역 주변 가성비 좋은 원룸,1,0,0
OR,2,18,13,13.22,37.474801,126.938277,원룸 이렇게 싼 방은 어디에도 없다. 5분 지하철 1분 버정 1분 마트,1,0,0
OR,B1,24,19,16.53,37.472303,126.940072,가성비 최고. 가스요금 X,1,0,1
OPST,3,35,27,16.34,37.479796,126.94994,서울대입입구역6분 주차가능 내부깔끔한 가성비오피스텔,1,1,0
OR,1,29,23,20.22,37.488928,126.932303,더블역세권월세 전세 가능,0,0,1
OR,B1,27,19,16.53,37.472303,126.940072,가성비 최고. 가스요금 X,1,0,1
OR,4,30,-,9.45,37.47412,126.938173,채광맛집 오픈형 원룸,1,0,0
OR,2,40,17,17.2,37.478876,126.953945,서울대입구역2분여 초역세권 샤로수길 풀옵션원룸 월세 싼 방 화이트빌트인 ,0,1,0
OR,1,31,13,13.22,37.47548,126.938454,분리원룸 가격의 퀄리티를 자랑할 수 있는 방 1분 버정 5분 지하철,0,0,0
OR,2,26,16,14.88,37.478223,126.950259,2호선 설대입구역 초역세권 지상층원룸 가성비 미쳤다,0,1,0
OR,4,30,-,19.83,37.47823,126.95317,초가성비 풀옵션 서울대입구역 초역세권 귀한 전세대출매물,0,1,0
OR,3,31,23,19.84,37.485119,126.93837,큰창문 환기보장 통창원룸봉천역 초역세권,1,1,0
OR,4,8,-,19.83,37.478049,126.955554,엘베O 깔끔한 원룸 구경오세요 전입신고 및 확정일자 받을 수 있는 ,0,1,0
OR,3,30,19,19.84,37.486464,126.925821,신림역세권 화이트톤올리모델링 풀옵션 깔끔하고넓은방,1,0,0
OR,4,40,23,23.14,37.486799,126.928149,신림역도보3분 신축 고층 깔끔하고넓은분리형추천BEST,0,1,0
OR,4,40,19,16.5,37.480221,126.945115,설대입구 더블역세권 6분 풀옵션 가성비 원룸,1,1,0
OPST,3,40,20,10.34,37.486743,126.931677,신림역 초역세권 평지 가성비 좋은 원룸 월세 전입가능,1,1,1
OR,3,33,29,19.8,37.482817,126.949682,초가성비 초저렴 원룸,0,1,0
OR,B1,20,16,14.8,37.475744,126.955396,서울대입구역 저렴하고 햇빛 잘들어 오는 깔끔한 원룸,0,0,1
OR,5,31,13,13.22,37.468912,126.932786,원룸5층 엘베 여유로운 주차장을 겸비한 방 5분 지하철 30초 정류장,0,1,0
OR,2,34,-,19.83,37.483171,126.952123,서울대입구초역세 바로앞편의점 너무깔끔한 저렴한월세,0,1,0
OR,3,40,23,16.5,37.486225,126.952041,"서울대입구역 직장인,학생 가성비 좋아요",1,0,1
OR,B1,26,23,19.84,37.46917,126.936324,위치10000점편의시설완벽저렴깔끔분리형,0,1,0
OR,1,38,26,19.8,37.485276,126.925273,신축급 풀옵션 원룸 저렴한 월세.,0,1,0
OR,2,26,23,20.94,37.487613,126.933319,더블역세권넓은 방,1,0,0
OR,2,38,-,19.84,37.477875,126.949785,복층 로망 있는집 서울대 초역세 .조정가능. 신축급컨디션. 대로변,0,0,0
OR,1,37,23,19.84,37.480133,126.931794,,0,1,0
OR,2,36,-,21,37.477512,126.948814,서울대입구역.저보증.저월세.최고원룸.채광굳.완전큰방,1,0,0
OR,2,32,18,18.6,37.486088,126.954797,서울대입구역9분여 대로변 지상층 낮은 월세대비 넓은 원룸 엘베,0,0,1
OR,B1,35,26,13.2,37.480978,126.941605,봉천역 초역세권 도보3분 깔끔한 풀옵션 원룸,0,1,0
OR,3,37,29,19.8,37.479843,126.943633,초가성비 원룸입니다.,0,1,0
OR,4,37,26,14.8,37.479843,126.943633,풀옵션 원룸 가성비방 나왔습니다. 전기만 별도 엘베o 역 도보6분,0,1,0
OR,2,31,19,16.53,37.481756,126.923851,2호선 신림역 신축 원룸 ,0,0,1
OR,1,25,23,23.2,37.477539,126.949608,가성비 좋은 깔끔한 원룸,1,0,1
OR,1,40,111,13.22,37.479802,126.941599,2호선 봉천역 도보 5분 컨디션 좋은 원룸,0,1,0
DDDGG,1,35,33,33.06,37.474975,126.940704,투룸보증금 월세에 비해 너무 좋은 방이 나왔습니다 전화를 부르는 방,0,0,0
OR,3,39,19,16.53,37.483802,126.952322,서울대입구역 초역세권 도보 5분,1,1,0
OR,B1,20,26,19.83,37.489491,126.937297,"초특가원룸, 돈모으기에 딱좋은집, 실제높이 1층입니다",0,0,1
DDDGG,2,38,-,21.49,37.479515,126.9548,분리형원룸 서울대입구역세권 풀옵션 깔끔한집인디ㅏ,0,1,0
OR,4,38,19,16.5,37.472785,126.937073,서울대벤처타운역에서 5분거리 조용한 주택가의 원룸,1,1,0
DDDGG,B1,30,33,26.45,37.489491,126.937297,"즉시입주O 초특가투룸, 실제높이1층, 꿀매물",0,0,1
OR,1,35,19,16.53,37.479031,126.945237, 만족10000 가성비의 끝 ,0,0,0
OR,3,35,19,16.5,37.472086,126.938297,신림동 초등학교와 마트주변 가성비 좋은 원룸,1,0,1
OR,1,21,16,13.22,37.478561,126.950402,서울대입구역바로앞보시져,0,1,0
DDDGG,B1,30,29,23.14,37.476934,126.94589,"초특가매물, 신축급컨디션, 습하지않아요, 즉시입주가능",1,0,0
OR,2,36,19,16.5,37.471538,126.938126,서벤역6분 양창 채광맛집 화이트톤 갬성 원룸,1,1,0
OR,2,33,122,19.84,37.469734,126.935686,,1,1,0
OR,2,21,19,16.53,37.483712,126.942001,2호선 봉천역 초역세권 신축 ,0,1,0
OR,1,40,19,16.5,37.479033,126.9301,서림역 신림역 역세권 가성비 넘치는 풀옵션 원룸,0,1,0
OR,1,35,22,16,37.473402,126.937483,"사진有 서림동 저렴한 보증금, 월세 풀옵션 원룸",1,0,0
DDDGG,B1,30,30,30,37.483823,126.944428,"주거환경우수 교통편리봉천역5분, 가격아주좋음",0,1,0
DDDGG,B1,40,42,39.24,37.490831,126.941782,투룸 1층  공실 내부밝고 안주싼방  공간넓어요  보증금 50040 ,1,0,1
DDDGG,1,28,23,19.84,37.478306,126.950251,,0,1,0
DDDGG,B1,28,19,19.8,37.482553,126.937883,봉천역5분 내부깔끔한 가성비원룸,1,1,0
OR,4,34,19,18.1,37.470104,126.93654,,1,1,0
OR,3,36,23,19.8,37.47029,126.941283,셔틀버스 1분 화이트톤 깔끔깨끗 풀옵션 분리형 원룸,1,0,0
OR,5,26,19,16.5,37.469425,126.939642,셔틀버스5분 설대생Pick 풀옵션 가성비 원룸,1,0,1
OR,2,30,-,19.84,37.482237,126.93944, 풀옵션 분리형  2호선 초역세권  ,0,1,0
OR,2,24,26,19.8,37.469583,126.94219,zZ 대학동 가성비 넘치는 원룸 Zz,1,1,0
OR,3,30,19,19.83,37.484655,126.927671,찐역세권 l 깔끔한방 l 풀옵션 l 즉시입주,1,1,0
OR,2,40,36,23.76,37.480968,126.954842,zZ서울대입구역 도보 3분 가성비짱 큰 방 나왔어요옹Zz,0,1,0
OR,2,40,-,19.83,37.484005,126.949738,Y. 서울대입구 초역세 보증금조절가능 꿀매물 ,1,0,0
OR,5,38,19,19.84,37.48612,126.927172,신림 초역세권넓은 원룸채광좋은집,0,1,1
OR,1,40,-,19.83,37.485321,126.951042,보증금조절가능 분리형 풀옵션 컨디션좋은 풀옵션 원룸,1,0,0
OR,2,25,-,23.14,37.484569,126.952076,초저렴깔끔분리형원룸.지상층.서울대입구역세권.,0,0,0
OR,2,26,13,13.22,37.470258,126.94042,셔틀10초 가성비방,1,0,0
OR,1,36,-,16.52,37.469793,126.933498,서울대벤처타운역 5분거리00분리형 이쁜원룸,0,1,0
OR,2,30,-,16.52,37.469425,126.939642,"위치와 가격,방컨디션까지 세마리토끼를 다 잡았습니다. 오픈형원룸",1,0,0
OR,3,27,16,16.53,37.469601,126.941657,깔끔가성비,1,0,1
OR,5,35,19,19.83,37.469962,126.94062,서벤역근처.서울셔틀 .채광굿.화장실창문.분리형.엘베유.전기만별도,0,0,0
OR,B1,30,19,19.84,37.47225,126.940745,가성비최고중문.넓은방남서향 양창문저렴한보증금.,1,0,0
OR,3,39,19,19.84,37.469715,126.938335,슬기로운서울대.학원가인접.깔끔분리형.화이트톤.채광맛집.남향,0,0,1
OR,5,40,39,33.06,37.483777,126.932598,전망좋은집 초역세권에 2룸 빨리오세요,0,1,0
OR,B1,35,16,16.53,37.469581,126.936866,학생원츄.화이트톤리모델링.넓은화장실.깔끔함.큰길가.서벤역근처,0,1,0
OR,3,39,19,19.84,37.469715,126.938335," 화이트톤, 분리형, 녹두거리,서울대셔틀,학원가 ",1,0,0
OR,2,28,-,19.83,37.483802,126.952322,서울대입구역 대로변 근처 보증금 월세 둘다 부담 없는 집,0,1,0
OR,B1,38,18,16.53,37.485321,126.951042,서울대입구역 중앙동쪽으로 깔끔한 분리형원룸으로 채광이좋습니다,1,0,0
OR,3,40,26,23.14,37.485688,126.925878, 신축 빌트인 냉장고 분리형 ,0,1,0
OR,2,28,22,16.5,37.483881,126.95323,서울대입구역 역세권 가성비 너무좋은 원룸,1,1,0
OR,2,28,-,19.83,37.483802,126.952322,서울대입구역 대로변 근처 보증금 월세 둘다 부담 없는 집,0,1,0
OR,3,35,20,17,37.482383,126.937475,"최저가원룸 풀옵션 가성비 갑, 봉천역34분거리 2층 정남향 채광 굿",0,1,1
OR,1,23,19,17,37.486743,126.93674,봉천역 가성비 원룸 소액 보증금 월세 추천,1,0,0
OR,1,37,122,13.22,37.479447,126.931941,신림역 걸어서 8분으로 지하 아닌 1층 원룸,0,1,0
OR,2,35,19,16.5,37.482867,126.934334,신축급 깔끕한 방이에요. 와서보고 결정하세요,1,0,0
OR,2,35,-,19.83,37.477339,126.948017,서울대입구 역세권 조용한 주택가 가성비 깔끔한 풀옵션,1,0,0
OR,1,36,19,16.53,37.46967,126.933431,가성비 甲. 가스요금 X,0,1,0
OR,1,40,26,23.1,37.476218,126.95407,샤로수길 뒷편 치안좋고 조용한 주택단지 정말 넓은 원룸,0,0,0
OR,1,35,21,18,37.481129,126.926685,깔끔한 분리형 원룸이 나왔습니다,0,0,0
OR,B1,40,22,20,37.478431,126.948416,1.위치 컨디션 사이즈 다 좋은 월세,1,0,0
OR,1,35,19,16.5,37.478107,126.93753,,0,0,0
OR,3,33,19,16.5,37.469733,126.940616,풀옵션 진짜 깔끔하고 쾌적한 방입니다. 에이스매물이에요,1,0,0
OR,1,37,21,18,37.481667,126.933935,저렴하고 깔끔한 풀옵션원룸 조용한주택가,0,0,0
OR,2,40,19,19.83,37.483577,126.933034,,0,1,0
OR,1,30,23,23.14,37.482211,126.930913,공과금 모두 포함인 유일한 큰 집,0,1,0
OR,2,25,20,19.83,37.47872,126.949656,가성비 정말 좋은 원룸 나왔습니다,1,0,0
OR,3,38,23,19.8,37.469051,126.937195,"박종철거리 정 남향 채광, 깨끗하고 화장실 넓으며 관리비 저렴한 방",1,0,1
OR,1,40,23,19.8,37.481615,126.93132,신림역 2번출구 도보 7분거리 깔끔한 화이트톤 분리형 원룸,0,1,0
OR,2,27,-,21,37.46498,126.935621,001.5룸 최저가 깔끔한 풀옵션 00,1,0,0
OR,1,18,23,16.52,37.464359,126.940079,깔끔하고 이쁜방00 전입신고 가능한 풀옵션 원룸,0,0,0
OR,2,17,23,16.52,37.465392,126.935746,공과금 다포함 화이트톤 이쁜방,1,0,0
OR,2,19,23,16.52,37.465271,126.936556,초 저렴한 풀옵션원룸00놓치지 말고 서둘러오세요,1,0,0
OR,2,21,33,16.52,37.464919,126.935809,인기있는방00착한가격으로 모십니다,1,0,0
OR,2,37,26,19.8,37.46479,126.939758,리모델링 신축급 풀옵션 원룸,1,0,0
OR,3,30,23,19.8,37.465488,126.935446,이런 가격 정말 흔치 않습니다. 언덕별로없음,1,0,0
OR,3,23,33,16.52,37.465419,126.936664,착한가격으로 깔끔한 원룸 들어가세요,1,0,0
OR,3,30,23,19.8,37.465912,126.936503,풀옵션 가성비 좋은 방,1,0,0
OR,3,28,26,16.5,37.465779,126.939562,정말 저렴한 원룸,1,0,1
OR,3,20,26,16.5,37.465779,126.939562,정말 저렴한 원룸,1,0,1
OR,B1,28,26,18.1,37.467829,126.938683,저렴한 원룸,1,0,1
OR,3,24,33,19.83,37.465708,126.939449,깔끔하고 큰방입니다00서둘러 들어가세욧,1,0,0
OR,3,30,19,16.5,37.465104,126.936149,사진有  주차가능한 가성비 최고 원룸,1,0,0
OR,2,29,16,13.2,37.465104,126.936149,사진有  주차가능한 가성비 최고 원룸,1,0,0
OR,4,25,-,18,37.46498,126.935621,00깔끔하고 넓직한 분리형 풀옵션 00,0,0,0
OR,2,30,19,16.5,37.465104,126.936149,사진有  주차가능한 가성비 최고 원룸,1,0,0
OR,1,38,33,19.83,37.466111,126.937896,화이트톤 깔끔하고 큰방 화장실도 엄청커요,0,0,0
OR,4,25,16,14.8,37.46498,126.935621,"분리형최저가,지정주차가능",1,0,0
OR,2,38,16,16.5,37.468344,126.933618,신림선 역세권 조용한 주택가 풀옵션,1,0,1
OR,1,29,14,14.88,37.468413,126.934996,원룸100299 허위매물이 아닌 이유. 나만 가지고 있는 방,0,1,0
OR,3,34,16,16.53,37.468413,126.934996,옥탑 보증금과 월세 역세권 풀옵션 아무도 못 이긴다.,0,1,0
OR,3,35,16,13.22,37.4683,126.933788,신림동 고시촌 위치 좋고 깨끗하며 조용하고 쾌적한 예쁜 꽃집 원룸,1,0,0
OR,2,36,19,16.53,37.468198,126.938326,녹두거리. 보증금 조절 가능,1,0,1
OR,B1,30,21,21.49,37.468389,126.935852,슬기로운컨디션최상급.큰방.갓성비.학원가인접.조용한주택가.깔끔한집,1,0,1
OR,3,36,19,16.53,37.468012,126.938316,가스 요금 X. 난방 개별 조절 가능,1,0,1
OR,1,39,23,19.83,37.46864,126.938107,법 학원 인근. 치안 센터 인근. 녹두거리,1,0,0
OR,1,18,16,13,37.464713,126.936126,이쁜방 풀옵션 저렴한 원룸,1,0,0
OR,2,38,19,19.84,37.468344,126.933618,슬기로운윌비스.하우패스.채광맛집.깔끔분리형.인프라좋은.치안좋은,0,0,1
OR,3,30,16,16.53,37.468423,126.932516,윌비스.하우패스.대로위치.치안안전.엘베o.서벤타역5분.,1,1,0
OR,1,38,21,19,37.466462,126.93598,"저 보증금, 저 월세가성비 5진다잉",0,0,0
OR,B1,18,19,17.53,37.466713,126.937948,"저 보증금, 저 월세가성비 매물을 찾는다면 판다5",1,0,0
OR,4,30,16,16.5,37.468399,126.933829,원룸이만한 원룸은 없다 5분 지하철역 30초 편의점,0,0,1
OR,5,33,16,14,37.467664,126.933466,원룸 고시생을 위한 완벽한 방 5분 지하철 1분 편의점 1분 정류장,1,0,0
OR,5,38,13,13.22,37.467914,126.933193,원룸역세권과 조용함을 갖춘 방 5분 지하철 30초 편의점 30초 정류장,1,0,0
OR,5,30,161,16.53,37.468536,126.936163,최강가성비분리형원룸엘리베이터언덕x녹두거리번화가꿀매물재등장,0,0,0
OR,3,36,23,19.8,37.468251,126.940276,,1,0,1
OR,2,37,42,42.98,37.466039,126.936734,투룸방2개모두큰집가격 그 자체로 타협 가능,1,0,0
OR,2,25,83,13.22,37.465866,126.936653,,1,0,0
OR,2,40,-,14.31,37.46479,126.939758,,1,0,0
OR,3,38,23,19.8,37.468344,126.933618,서벤역 직장인 인기많은 풀옵션 가성비 분리형 원룸,1,0,0
OR,3,39,-,14.5,37.464393,126.936625,컨디션 최강 신축 분리형 원룸,0,0,0
OR,B1,32,23,19.83,37.468389,126.935852,,1,0,1
OR,2,25,89,16.53,37.465234,126.935693,,1,0,0
OR,2,26,19,16.52,37.465015,126.936386,관리 잘되는 풀옵션 저렴한원룸,0,0,1
OR,4,29,-,16.52,37.465104,126.936149,,1,0,0
OR,3,28,66,18,37.464878,126.939433,화이트톤 깔끔한 풀옵션 원룸입니다,1,0,0
OR,4,31,23,18,37.467069,126.939356,관리 잘되는 엘베있는 풀옵션 좋은방,1,0,1
OR,B1,28,78,13.22,37.467829,126.938683,"대학동 분리형 관리비포함 100,38이면 훌륭하죠 ",1,0,0
OR,3,32,19,18.1,37.468517,126.93901,채광좋은 남향 깔끔한 풀옵션 분리형 원룸,1,0,0
OR,2,27,81,16.53,37.466462,126.93598,,1,0,0
OR,3,25,44,16.53,37.465866,126.935857,최저보증월세넓은원룸채광좋은양창구조지상층풀옵션추천매물,1,0,1
OR,2,25,85,13.22,37.465866,126.935857,대학동 관리비 포함 월세30 원룸,1,0,0
OR,3,36,19,18.1,37.465647,126.936381,내부 깔끔한 넓고 큰 1.5룸 컨디션 좋은 풀옵션 방,1,0,0
OR,3,36,26,23.14,37.468503,126.935412,치안 센터 인근. 옥탑. 좋은 채광,1,0,1
OR,2,26,16,16.53,37.467537,126.938017,슬기로운리모델링.갓성비.채광맛집.깔끔한집.조용한주택가,1,0,1
OR,2,25,16,16.53,37.468252,126.938017,"위치 좋고,컨디션 좋은 리모델링 원룸",0,0,1
OR,5,23,20,16,37.465653,126.935091,가성비 끝판왕 풀옵션원룸,1,0,0
OR,2,31,33,18,37.465252,126.939148,깔끔하고 관리 잘되는 풀옵션 원룸 화장실이 커요,1,0,1
OR,2,12,19,15,37.464953,126.939388,싼방 찾으시는 분들 빨리 오세요,1,0,1
OR,2,22,-,23,37.468075,126.936417,위치 좋은원룸00공과금 올포함00관리비 외 추가되는금액 없음00,1,0,0
OR,3,29,23,19.8,37.468534,126.938704,분리형인데 이렇게 저렴해요. 빨리 잡는사람이 임자,0,0,0
OR,3,31,19,16.5,37.468452,126.936926,분리형 신축급 컨디션이에요. 보증금 월세도 너무 저렴해요.,1,0,0
OR,2,29,19,19.84,37.465104,126.936149,전기만별도 리모델링 화장실분리,0,0,1
OR,3,29,23,19.8,37.468534,126.938704,분리형인데 이렇게 저렴해요. 빨리 잡는사람이 임자,0,0,0
OR,2,35,23,19.8,37.468046,126.937335,,1,0,1
OR,5,35,23,19.8,37.467973,126.934143,올리모델링 첫입주 삼성드럼세탁기 화이트톤 깔끔하고 화장실 예쁜원룸,1,0,1
OR,4,33,23,19.8,37.468469,126.936747,"박종철거리 대학동 메인거리 보증금 더 낮게도 가능, 가성비 꿀 원룸",1,0,1
OR,1,37,86,19.84,37.467613,126.935188,,1,0,0
OR,2,30,99,18.18,37.466363,126.935178,,1,0,0
OR,2,29,26,13.2,37.465104,126.936149,분리형 원룸 가성비방 전기만 별도,0,0,0
OR,B1,26,128,13.2,37.465347,126.940242,월세저렴한방 리모델링 완료 분리형 풀옵션 원룸,0,0,0
OR,3,33,87,19.84,37.465699,126.9368,최저보증월세지상층풀옵션리모델링완료채광좋고포근한추천방,1,0,0
OR,4,40,26,16.5,37.468104,126.934336,역까지 도보 7분 깔끔한 컨디션 풀옵션 원룸,0,0,0
OR,2,38,23,19.83,37.466111,126.937896,,1,0,0
OR,2,34,26,15.8,37.465347,126.940242,리모델링 완료 분리형 풀옵션 원룸,0,0,0
OR,3,18,16,13.22,37.468029,126.932839,고시텔 가성비옵션 공부잘되는방  ,0,0,1
OR,3,25,89,16.53,37.465301,126.937,최저보증월세채광좋은원룸저렴한지상층풀옵션원룸,1,0,0
OR,1,35,23,19.8,37.467362,126.939651,,1,0,0
OR,4,30,-,18.18,37.46512,126.935652,서원역 도보 10분거리내 위치해있는 원룸입니다,1,0,0
OR,B1,28,98,13.22,37.465503,126.936852,대학동 초저렴 원룸입니다,1,0,0
OR,4,30,-,14,37.465215,126.936767,신림선 서울대벤처타운역 인근에 위치한 풀옵션의 깔끔한 원룸입니다.,1,0,0
OR,3,16,16,13.22,37.465503,126.936852,가성비 끝판왕 대학동세권 ,1,0,0
OR,2,35,-,19.83,37.466993,126.936794,녹두거리 저렴한 가성비 풀옵션 원룸,1,0,0
OR,4,21,13,12.23,37.464713,126.936126,가성비 끝판왕 대학동세권 ,0,0,1
OR,2,39,19,19.83,37.46685,126.935033,원룸아침부터 저녘까지 빛 들어오는 방 조용하고 풀옵션,1,0,0
OR,2,39,19,16.5,37.468525,126.939425,"관악산역, 서울대 셔틀 인근, 분리형 풀옵션",1,0,0
OR,3,32,19,16.5,37.46867,126.940105,"서울대학교 인근, 가성비 최강, 채광 맛",1,0,1
OR,2,29,23,13.2,37.465104,126.936149,,1,0,0
OR,2,33,16,16.53,37.468534,126.938704," 공과금전부포함, 채광좋고,풀옵션,녹두거리 ",1,0,1
OR,2,31,19,16.5,37.468189,126.93861,"녹두거리, 풀옵션, 엘리베이터 o",1,0,1
OR,5,35,23,19.8,37.468339,126.935341,zZ채광맛집 분리형원룸 대학동 서림동 가성비방 모여라Zz,0,0,0
OR,2,32,-,19.83,37.465866,126.935857,신림선 서울대벤처타운역 인근 풀옵션 넓은 원룸입니다,1,0,0
OR,2,39,14,14.88,37.468719,126.932914,원룸깔끔하고 조용한 공부하기 좋은 방 인근 7분 지하철 1분 편의점,0,1,0
OR,2,27,23,19.8,37.466386,126.937088,진짜 저렴한 큰원룸이에요. 직접보시고 결정하세요,1,0,0
OR,B1,30,18,18.18,37.466661,126.934599,슬기로운갓성비.큰방.깔끔한집.조용한주택.주차가능.전기만별도,1,0,1
OR,2,35,23,19.8,37.466386,126.937088,진짜 저렴한 분리형 큰원룸이에요. 직접보시고 결정하세요,0,0,0
OR,3,29,13,13.22,37.467399,126.933844,원룸저렴한 보증금 월세 풀옵션 주차가능 치안좋은 조용하고 안락한 방,1,0,0
OR,2,35,-,15,37.465653,126.935091,주택가 위치한 서울대생 추천 조용한 서울대 근처 원룸,1,0,0
OR,6,35,-,13.52,37.46522,126.936319,신림선 서울대벤처타운역 인근 위치한 풀옵션의 깔끔한 원룸입니다.,1,0,0
OR,5,32,21,21.4,37.468515,126.93916,신림선 역세권 화이트 인테리어 깔끔한 풀옵션,1,0,1
OR,2,20,83,13.22,37.465866,126.936653,최저보증월세공과금완전무료풀옵션조용한가성비원룸,1,0,0
OR,1,30,33,16,37.468572,126.93503,깔끔하고 이쁜방 풀옵션에 위치까지 좋아요,0,1,0
OR,5,27,19,19.8,37.467497,126.934464,신림선 역세권 가성비 좋은 풀옵션 원룸,1,0,1
OR,2,26,36,14.87,37.464762,126.935351,저렴한 가격으로 즉시입주 도와드립니다,1,0,0
OR,2,26,26,19,37.46872,126.937287,치안센터 근처 위치좋은 원룸입니다,1,0,1
OR,3,35,23,19.8,37.465252,126.939148,풀옵션 큰 원룸이에요. 엄청 저렴하고 넓은 방,1,0,1
DDDGG,2,40,19,19.83,37.467298,126.939044,"저보증금,올수리 깔끔한 분리형원룸.채광좋고 층수좋음 .각종편의시설근처",0,0,0
OR,2,30,19,16.5,37.467537,126.938017, 리모델링 완료  분리형 화이트톤 대학동에서 제일 깨끗한 집,0,0,0
OR,3,34,16,16.53,37.467748,126.933683,원룸이가격의 가성비 원룸 5분 지하철역 1분 편의점 1분 버스정류장,0,0,1
OR,3,31,14,14.88,37.467399,126.933844,원룸모든 조건이 다 있는 풀옵션 주차가능한 원룸 보증금 조절돼요,0,0,1
OR,2,23,20,16,37.465653,126.935091,가성비 끝판왕 풀옵션원룸,1,0,1
OR,4,25,43,16.53,37.46524,126.936661,,1,0,1
OR,3,33,20,16.53,37.465803,126.936858,,1,0,1
OR,3,32,23,19.8,37.468578,126.942235,셔틀버스 4분 서울대생Pick 화이트톤 깔끔하고 넓은 방,0,1,0
OR,2,30,16,14.88,37.46831,126.93555,풀옵션 끝판왕 서울대벤처역세권 ,0,0,1
VL,B1,33,84,23.14,37.46606,126.938551,초깔끔 남녀노소 인기너무좋은 원룸매물쾌적해요,1,0,0
OR,5,36,23,19.8,37.468189,126.93861,"녹두거리, 풀옵션, 엘리베이터 o",1,0,1
OR,5,40,70,26.45,37.467914,126.933193,최저보증월세신림선도보7분넓은원룸초역세권접근성좋은가성비매물,1,0,0
OR,1,35,-,15,37.465468,126.940154,샘말공원 인근 조용한 주택가 원룸 ,1,0,0
OR,5,32,23,19.8,37.468578,126.942235,대학동 화이트톤 넓은 베란다 있는 원룸,0,1,0
OR,2,37,19,16.5,37.468251,126.940276,"엘리베이터 있는 풀옵션, 관악산역 도보 6분, 서울대셔틀 인근",1,0,1
OR,3,33,17,16.53,37.468515,126.93916,"깨끗한집서울대앞,가격왕,남향",0,0,1
OR,3,31,16,16.53,37.468515,126.93916,"남향 채광, 냉장고분리형, 녹두거리, 리모델링.",0,0,1
OR,2,23,-,19,37.466481,126.935409,저렴하면서 이쁜 풀옵션 원룸,1,0,0
OR,3,29,16,15.87,37.468515,126.939285,"깨끗하고예쁜집탑층,남향,가격 좋은 집",0,0,1
OR,3,31,16,16.53,37.468515,126.93916,슬기로운서울대.프라임.베리타스.화이트분리형.남향,0,0,1
OR,3,40,-,18,37.466703,126.939788,신축급 분리형 풀옵션 선호도 좋은매물,0,0,0
OR,2,40,19,16.5,37.467596,126.934644,"녹두거리, 분리형, 풀옵션",1,0,0
OR,1,38,88,19.84,37.466344,126.938776,최저보증월세대학동 넓은 풀옵션 화이트톤리모델링OK,1,0,0
OR,2,35,80,18.18,37.467195,126.934559,,1,0,0
OR,2,34,123,16.53,37.468517,126.93901,최저보증월세넓은분리형원룸쏟아지는채광위치좋은추천원룸,1,0,0
OR,2,30,80,16.53,37.467195,126.934559,최저보증월세분리형원룸지상층풀옵션깔끔하고안전한원룸,1,0,0
OR,3,38,20,13.22,37.465803,126.936858,채광좋은 옥탑느낌의 원룸,1,0,1
OR,3,33,19,19.84,37.468517,126.93901,"가격좋은원룸위치,구조,채광 삼박자",0,0,1
OR,3,37,39,19.84,37.46727,126.937085,,1,0,1
OR,3,30,55,13.22,37.466363,126.935178,최저보증월세공과금전부포함지상층풀옵션공실없는매물,1,0,1
OR,3,23,59,13.22,37.466185,126.939823,전기빼고 관리비 다 포함한 월세가 28만원,1,0,1
OR,3,23,19,19.84,37.466705,126.939945,위치좋은 화이트톤 이쁜방,0,0,1
OR,4,36,16,16.53,37.46795,126.934303,가성비 최고쾌적한방화이트톤풀옵션,1,0,1
OR,5,35,19,19.83,37.466455,126.93474,북유럽풍 창문.탑층 끝방 미친뷰를 자랑하는 정말 조용한 분리형 원룸.,0,0,0
OR,2,32,19,16.53,37.467664,126.933466,"위치좋은,공과금없음,리모델링",0,0,1
OR,1,30,19,19.84,37.465186,126.935491,신축급분리형양창채광맛집,0,0,0
OR,2,26,16,16.53,37.46795,126.934303,가성비 최고일성투루엘 화이트톤풀옵션,1,0,1
OR,2,22,16,16.53,37.46498,126.935621,리모델링분리형갓성비,0,0,0
OR,6,15,16,16.4,37.465867,126.936653,가성비 저렴하고 위치도 좋은 착한원룸,0,0,1
OR,2,28,16,16.53,37.467801,126.933541,화이트톤 리모델링학원가 인접분리형,0,0,0
OR,3,32,19,19.84,37.46727,126.937085,위치좋은 분리형 깔끔한방,0,0,0
OR,2,25,16,16.53,37.465653,126.935091,공과금 없음 위치좋은 풀옵션,1,0,1
OR,2,25,21,18.2,37.465016,126.938789,공원버스정류장1분주차가능리모델링,0,0,1
OR,3,40,23,23.14,37.466455,126.93474,깔끔하고 정말 조용한 분리형 원룸.적은 보증금으로 가성비 끝판왕,0,0,0
OR,4,36,22,22.4,37.468476,126.932781,베란다 있는 신림선 역세권 풀옵션 분리형 원룸,0,1,0
OR,4,31,-,15,37.467641,126.938325,깔끔한 화이트톤 오픈형 풀옵션,1,0,0
OR,3,35,21,21.4,37.468476,126.932781,신림선 역세권 풀옵션 분리형 원룸,0,1,0
OR,4,30,-,15,37.466705,126.939945,깔끔한 오픈형 풀옵션 서두르세요,1,0,0
OR,3,31,-,18,37.465708,126.939449,큰방 찾으시분 어서 오세요,1,0,0
OR,2,25,16,16.5,37.465156,126.936532,신축급 일단눌러서 사진보세요,1,0,1
OR,5,31,16,16.5,37.468536,126.936163,메인거리 화이트톤 분리형 저렴합니다,1,0,0
OR,2,16,-,16.52,37.465867,126.936653,저렴한 풀옵션 원룸입니다,1,0,0
OR,4,40,16,13.22,37.467794,126.933125,신림선 역세권 풀옵션 화이트톤 햇살만땅,1,0,1
OR,3,35,16,13.22,37.467973,126.934143,리모델링 화이트톤 깔끔 신림선 가성비굿,1,0,1
OR,2,33,19,16.5,37.467664,126.933466,서벤역10분 고시생Pick 관리비 올포함 가성비 원룸,1,0,1
OR,3,40,19,19.83,37.46869,126.935057,,0,1,0
OR,3,31,19,18.1,37.468251,126.940452,설대생Pick 채광좋고 깔끔한 조용한 가성비 원룸,1,0,1
OR,1,35,16,13.22,37.467514,126.935016,가성비 올화이트톤 깔끔 ,1,0,1
OR,3,36,19,19.83,37.468534,126.938704,공과금 올포함,1,0,0
OR,3,36,26,16.5,37.468515,126.939285,리모델링 화이트톤 초가성비 매물,0,0,1
OR,2,38,19,19.84,37.467596,126.934644,슬기로운공시의방.깔끔한집.조용한주택.학원가인접.합격의방.남쪽,1,0,1
OR,2,39,19,19.84,37.468719,126.932914,슬기로운합격의방.행시.엘베o.깔끔분리형.깨끗한집.윌비스.베리타스,0,1,0
OR,1,36,23,23.14,37.465468,126.940154,양창문 어떤대,0,0,0
OR,2,38,119,13.22,37.468012,126.938316,방금나온 풀옵션 지상층 원룸,1,0,0
OR,3,30,19,16.5,37.468525,126.939425,"화이트톤, 편의시설 완비, 지상층",1,0,1
OR,2,40,22,18.7,37.468525,126.939425,저보증금 서울대 근방 가성비 넘버원 방 나왔어요,1,0,0
OR,3,39,87,13.22,37.464393,126.936625,주방분리형 풀옵션 원룸,1,0,0
OR,3,35,68,13.22,37.465804,126.936455,신축 풀옵션 찾으시는분에게 맞는 원룸,1,0,0
OR,2,38,19,16.5,37.467596,126.934644,"풀옵션, 유명법학원 인근, 분리형",1,0,0
OR,2,35,23,19.8,37.468251,126.940276,"분리형, 신축, 풀옵션, 채광 맛집",1,0,0
OR,B1,30,86,13.22,37.46831,126.93555,대학동 깔끔한 원룸을 구하신다면,1,0,0
OR,2,20,77,13.22,37.465215,126.936767,최저보증월세지상층풀옵션가스지원가성비of매물,1,0,0
OR,4,36,119,18.18,37.468012,126.938316,,1,0,0
OR,2,13,105,9.92,37.46773,126.934839,고시원보다저렴한방공과금모두포함지상층원룸위치좋고조용한공부방,1,0,0
OR,B1,29,102,23.14,37.465359,126.938888,,1,0,0
OR,1,32,115,16.53,37.465301,126.937,,1,0,0
OR,4,25,43,13.22,37.46524,126.936661,최저보증월세공과금전부지원풀옵션지상층TV까지옵션가성비대장매물,1,0,1
DDDGG,5,30,16,14,37.467664,126.933466,"남향코너건물,서울대밴처타운역도보8분,버정3분,학교옆조용하고쾌적한공간",1,0,0
OR,3,28,13,13.22,37.46474,126.939417,경차 주차가능 고시촌5515버스길,0,0,1
OR,3,35,-,20,37.466536,126.936581,깔끔하고 넓직한 분리형 꿀매물,0,0,0
OR,4,21,16,13.2,37.464762,126.936923,월세 저렴한 풀옵션원룸,1,0,0
OR,4,39,18,14.88,37.467794,126.933125,"올리모델링 화이트톤 단기, 반려동물, 주차 가능한 풀옵션 원룸",0,0,1
OR,2,38,21,18.18,37.468719,126.932914,"DY대양이 가장 좋아하는 화장실문, 냉장고 분리형 풀옵션 원룸",0,1,0
OR,2,36,29,26.45,37.466344,126.938776,붙어 있는방 아예 없는 1.5룸 화장실 크고 창 있는 레알 꿀매물 등장,0,0,1
OR,4,29,19,16.53,37.468012,126.938316,정남향 올리모델링 화이트톤 깔끔한 분리형 원룸,0,0,0
OR,B1,21,16,13.2,37.465104,126.936646,저렴한 풀옵션 원룸,1,0,0
OR,4,26,16,13.2,37.465104,126.936646,저렴한 풀옵션 원룸,1,0,0
OR,2,22,16,13.2,37.464674,126.936601,저보증 풀옵션 원룸,1,0,0
OR,B1,37,33,29.75,37.467069,126.939356,,0,0,1
OR,3,21,16,13.2,37.464762,126.936923,월세 저렴한 풀옵션원룸,1,0,0
OR,4,24,19,18.1,37.468578,126.942235,서울대생PICK 대학동 위치좋은 저렴한 가성비 풀옵션 원룸,0,1,0
OR,2,35,49,13.2,37.466386,126.937088,대학동 가성비방 풀옵션  전기만 별도,1,0,0
OR,2,28,19,16.5,37.465103,126.936646,대학동 올포함 저렴한 가성비 원룸,1,0,1
OR,4,30,19,16.53,37.468414,126.937307,풀옵션 정말 깔끔하고 위치 좋고 가격 좋은 풀옵션 원룸,0,0,1
OR,4,30,16,16.53,37.46667,126.937711,리모델링.풀옵션.깔끔한집.엘베있음.주차o.갓성비.서벤역,1,0,1
OR,B1,30,16,15,37.480099,126.957514,,0,1,0
OR,B1,30,16,15,37.475136,126.967362,즉시입주가능한 낙성대원룸 저렴합니다,0,1,0
OR,1,30,19,19.8,37.480511,126.95971,풀옵션 깔끔컨디션 가성비좋은매물 편의시설多 CCTV안전보안,1,0,0
OR,B1,20,18,16,37.477714,126.964336,초역세권 위치짱원룸 저렴합니다 즉시입주가,0,1,0
OR,1,29,17,15,37.480511,126.95971,서울대입구 역세권 사랑스런 금액,1,0,0
OR,2,35,16,16.5,37.472293,126.964928,가격 저렴한 낙성대역 원룸,1,0,1
OR,2,32,16,15,37.472487,126.967561,,1,0,0
OR,1,38,23,19.8,37.480511,126.95971,"낙성대역 도보11분 관포전기,가스별도 가성비깔끔매물 혼자살기좋은방",1,0,1
OR,4,35,18,15,37.472965,126.967816,신축급원룸 깔끔합니다 구경오세요,1,0,0
OR,2,30,16,16.2,37.48622,126.957593,,0,0,1
OR,2,30,19,19.8,37.480172,126.960083,역8분 준신축급 깔끔컨디션 편의시설多 주차가능 CCTV안전건물,0,0,1
OR,1,38,16,16.5,37.474069,126.967745,저보증금 낙성대역 원룸,0,1,0
OR,B1,25,16,14,37.477214,126.965795,낙성대저렴한방 저렴한가격 최선을 다하겠습니다.,0,1,0
OPST,5,40,23,23.1,37.475827,126.959313,역8분 오피스텔 평지 편의시설多 주차가능 엘베有 즉시입주가능,0,0,1
OR,2,37,19,16.5,37.478832,126.962472,낙성대역 초역세권 풀옵션 작지만 강하다,0,1,0
OR,2,25,23,19.8,37.479441,126.963216,낙성대역 가격대비 깔끔한방,0,1,0
OR,1,29,19,16.53,37.480511,126.95971,2호선 서울대입구역 역세권 신축급 풀옵션,1,0,0
OR,B1,30,16,14,37.477879,126.964436,낙성대 초역세권 원룸,0,1,0
OR,1,25,23,23.1,37.472506,126.970182,가성비좋은방 즉시입주OK 풀옵션 깔끔컨디션 융자NO 편의시설多,1,0,1
OR,2,30,23,19.8,37.473231,126.962911,,0,1,1
OR,4,40,16,16.5,37.472984,126.962479,베란다 있는 낙성대 원룸,1,1,0
OR,B1,25,18,15,37.478599,126.961013,,0,1,0
OR,1,38,23,19.8,37.474069,126.967745,낙성대역 1번출구 도보6 보증금 조절 가능한 저렴한 원룸,0,1,0
OR,2,35,-,16.5,37.475046,126.972077,사당역 도보10분. 가성비 굿. 깔끔한 원.,1,0,0
OR,1,40,-,19.83,37.481812,126.959634,y 서울대입구역 도보권 주방 분리형 원룸 y,0,0,0
OR,1,40,21,21.4,37.475136,126.967362,2호선 역세권 대로변 깔끔한 풀옵션 원룸,1,1,0
OR,4,40,16,15,37.478164,126.962412,낙성대초역세권 서울대생들도 좋은위치 저렴합니다.,0,1,0
OR,2,40,29,29.7,37.478868,126.964526,역3분 관리비포함 넓은방 전입신고가능 편의시설多 깔끔 즉시입주가능,0,1,0
OR,2,35,19,19.8,37.476779,126.965562,낙성대역 도보2분 준신축급 깔끔 편의시설多 역세권 즉시입주가능 풀옵션,0,1,0
OR,B1,35,16,16.5,37.47562,126.963748,지하철 가까운 낙성대 원룸,1,1,0
OR,1,30,19,19.8,37.475136,126.967362,낙성대역 도보4분 역세권 편의시설多 풀옵션 즉시입주가능 가성비좋은방,0,1,0
OR,1,38,13,13.22,37.480091,126.957214,L서울대입구역 도보권 가성비 극강 원룸,0,0,1
OR,6,30,19,19.8,37.474118,126.962361,낙성대역5분 전기만별도 가성비좋은방 주차가능 편의시설多 역세권위치,0,1,0
OR,B1,30,16,16.5,37.474456,126.968471,위치 좋은 낙성대 원룸,1,1,0
OR,B1,30,18,16,37.478717,126.963744,낙성대초역세권 화장실이 넓은 저렴한 가성비원룸,0,1,0
OR,B1,22,16,15,37.477596,126.96479,낙성대 초역세권원룸 즉시입주가능 맞겨만주세요,0,1,0
OR,2,35,13,13.22,37.475409,126.961138,L낙성대역 도보권 가성비 극강 원룸,0,1,1
OR,2,40,16,14.1,37.475634,126.97824,H 역세권 깔끔 풀옵션 원룸,1,1,0
OR,B1,40,24,23.2,37.481812,126.959634,가성비 너무 좋은 깔끔하고 넓은 분리형 원룸,0,0,0
OR,B1,30,16,16,37.479856,126.962739,,0,1,0
OR,2,18,26,23.14,37.48051,126.959427,,0,0,0
DDDGG,2,25,26,26.4,37.48999,126.957761,"옥탑방1.5룸구조  에어컨,냉장고,세탁기옵션 입주협의  내부깨끗",1,0,1
OR,1,30,26,23.1,37.475616,126.964569,,0,1,0
OR,6,32,23,19.83,37.473766,126.963268,낙성대역리모델링 화이트톤 원룸허위 zero,0,1,0
OR,2,33,23,19.84,37.480085,126.962756,낙성대역 초역세권 말이 필요없다. 선착순입니다,0,1,0
OR,1,32,33,33.05,37.473409,126.970737,낙성대역1.5룸 금액 실화 ,1,0,1
